Store_Number,Store_Name,Address,City,State,ZIP_Code,Phone_Number
1,Rosales Group Electronics,994 Tyler Square,Port Ericmouth,NM,42056,020.533.1899
2,Davis LLC Electronics,84307 Keith Shores Suite 653,South Bruce,OR,76610,(963)380-9416x92497
3,Long PLC Electronics,894 Anna Ford Apt. 065,New Christopher,MI,84071,322.239.6462x899
4,Mccormick and Sons Electronics,137 Russell Extension,East Andreamouth,WA,96608,001-419-683-9289
5,Lucas-Nunez Electronics,75538 Taylor Walk Apt. 509,South Nicole,DE,78003,(299)427-3209x90696
6,Brady Group Electronics,862 Maxwell Stravenue,Schaeferland,TN,35141,001-507-205-2143x5521
7,Hernandez Group Electronics,580 Kimberly Rest,East Isabelport,IL,57537,236.695.9445
8,"Brown, Jenkins and Conley Electronics",8122 Debra Cape Apt. 473,Hallchester,WI,29051,835.444.3311x051
9,"Crawford, Weeks and Roberts Electronics",807 Hall Glens Suite 440,Lisaburgh,ME,77105,813.786.4714x472
10,Brown-Barker Electronics,796 Berry Corners,East David,WY,16570,231.052.0175x792
11,Brown-Hill Electronics,753 Matthew Throughway,Jackbury,WV,80612,+1-345-898-2899x91745
12,Burns Ltd Electronics,5907 Ball Causeway,Thomasfort,FL,52089,209.292.4887
13,Tran Inc Electronics,15435 Gilbert Parkways Apt. 696,Allenfort,GA,88338,123.400.4359x72049
14,Reed-Pace Electronics,135 Peter Flats,Port Anthonyton,CT,02607,1217393735
15,Cox-Williams Electronics,395 Garcia Keys,Parkville,HI,68039,476-407-6366x7306
16,Dominguez-Duke Electronics,82943 Tony Alley Apt. 585,North Markfurt,HI,24164,(806)621-2007x628
17,"Gardner, Williams and Prince Electronics",446 Daniel Islands,Tracyside,NC,95401,755-493-2599x83741
18,Hall-Rodriguez Electronics,365 Graham Lodge Suite 800,East Sandraland,AL,47240,831-175-3811x9285
19,"Fisher, Patel and Snyder Electronics",617 Nelson Summit Apt. 000,Garzaport,NV,76638,575-964-0166
20,Hull-Wade Electronics,221 Baldwin Plaza Apt. 000,Lake Douglasberg,MS,43094,(141)046-4937x7698
21,Baker-Melendez Electronics,0363 Holmes Flat Apt. 354,Johnport,IL,28879,001-956-311-9073x0486
22,Fitzgerald-Jacobson Electronics,59951 Megan Lane,Willishaven,IL,49217,508-873-8644x6339
23,Reyes-Foster Electronics,82824 Susan Manors Suite 281,New Arthurberg,MS,16272,(924)275-9030x97364
24,Nguyen-Cruz Electronics,634 Daniel Gateway,New Garrett,IA,62346,+1-214-077-0467x455
25,Palmer PLC Electronics,94711 Elliott Haven Suite 317,Port Caitlin,NV,47941,794-735-8161
26,Rivera-Howard Electronics,22984 Joseph Overpass Suite 648,New Andreafort,MT,66261,533.581.4824x3896
27,Anderson LLC Electronics,312 Burnett Inlet,Kimberg,MS,77219,(234)299-0301
28,Thomas LLC Electronics,432 Karen Oval Apt. 360,Lake Jonathan,MO,49626,160-456-3526x5008
29,Ingram-Brown Electronics,8123 Carlson Ranch,Kevinside,ND,10444,001-473-272-4165x6200
30,"Gates, Zuniga and Jackson Electronics",107 Roy Trail,Millerberg,KS,74410,529.187.8598x378
31,Maldonado PLC Electronics,10726 Jones Plains Apt. 382,Garciaberg,IL,69242,703.714.3619
32,Ayala-Pacheco Electronics,365 Chen Radial Apt. 789,Hubbardbury,DE,08402,(984)121-9845x33627
33,Burnett Inc Electronics,9843 Ricky Corners,West Josefurt,KS,82471,+1-219-016-5158x008
34,"Wang, Henry and Swanson Electronics",757 Raymond Turnpike Suite 662,Gonzalesborough,NJ,25716,(856)690-5078x34602
35,Hughes-Dawson Electronics,1415 Boyd Green,Jenniferburgh,MS,88501,807.909.0317
36,"Daniel, Ross and Greene Electronics",1281 Seth Points,New Meagan,AZ,17574,+1-202-103-9861x6690
37,Chung and Sons Electronics,3937 Simmons Club Suite 811,Crawfordhaven,WY,83153,590-265-2603
38,Esparza LLC Electronics,2508 Espinoza Mountains,Ginabury,KS,36726,8500992846
39,"Carter, Harrison and Johnson Electronics",9528 Steven Garden,Nathanside,TN,44702,311.028.2625
40,Tanner Ltd Electronics,079 Roger Stream Suite 494,South Jennifer,IA,42430,267-768-7371
41,Tyler Ltd Electronics,010 Johnson Track Apt. 517,Bauerview,DE,71560,052.598.3831x792
42,Morse Inc Electronics,12299 Fernandez Springs Apt. 226,Johnsonberg,GA,30121,+1-892-669-4839
43,"Clark, White and Barrera Electronics",742 Caldwell Extension Apt. 123,East Caseyport,NM,81775,+1-631-668-4590
44,Valencia LLC Electronics,062 Katie Divide,Rossland,UT,41179,213-375-4868x81561
45,Hancock Ltd Electronics,505 Fleming Gateway,Berrytown,SD,80852,9232802332
46,Gray-Wagner Electronics,372 Ray Divide,Lake Gabrielberg,NY,53193,635.699.4123
47,"Graham, Sharp and Dudley Electronics",4482 Deanna Bridge Apt. 527,New Mary,IA,57759,(651)125-0085
48,Grant-Moore Electronics,3913 Nicholas Highway,New Paul,WI,37843,(149)699-1791x2838
49,"Ramirez, Cole and Weaver Electronics",059 Ronald Key,Rogerstown,MA,10807,+1-932-025-7884x02619
50,"Williams, Carter and Wright Electronics",283 Lisa Stream,Micheleberg,OH,12884,+1-428-730-1055x83789
51,"Heath, Peterson and Scott Electronics",60444 Turner Lights Suite 080,Jillianberg,AZ,90266,150.217.6640
52,"Reese, Allison and Hill Electronics",0314 Michael River,Carrollmouth,CA,86287,106.616.4106x668
53,"Green, Smith and Harris Electronics",5169 Karen Square Suite 081,Lake Ronald,PA,09400,8923665280
54,"Schultz, Clark and Green Electronics",6974 Griffin Dale,Harrischester,LA,47047,881.569.6803x35423
55,Alvarez Ltd Electronics,0221 Gilbert Street,Paulamouth,LA,63925,073.322.1939x88140
56,Baker LLC Electronics,891 Stanley Pine,Martinview,MT,05236,(461)655-2317x00178
57,Fowler-Griffin Electronics,7886 Janice Glens,West Brady,WV,88340,(011)687-5236x399
58,Willis-White Electronics,7265 Paul Drives Suite 561,Lake Nicholasborough,ND,58096,(343)797-7636
59,Gonzales Group Electronics,3478 Michelle Manor,Caseberg,ND,18575,(479)392-3957x3109
60,"Rodriguez, Baker and Wong Electronics",010 Richards Parkway Suite 676,East Dustin,NH,18789,001-282-433-8058
61,Griffin Inc Electronics,3730 Clark Inlet Apt. 484,Andrewland,MT,02873,001-290-870-7798x60030
62,White Group Electronics,6394 Burns Island Apt. 885,West Aaron,ME,08044,001-660-420-9785x6854
63,"Deleon, Rangel and Jones Electronics",139 Rasmussen Stream,North Jeremy,AR,06496,+1-791-236-3453x64466
64,"Alvarez, Goodwin and Jones Electronics",478 Gonzales Turnpike,Brendaside,NH,35792,264.339.8243x2195
65,"Foster, Novak and Stewart Electronics",9470 Jessica Station,Sanchezview,MT,43147,(460)217-0450x2515
66,"Steele, Smith and Green Electronics",565 Jillian Mission Suite 774,Paigemouth,VT,28102,917-887-1126
67,Sullivan Inc Electronics,622 Smith Glens Suite 196,Port Patrickbury,GA,74797,001-494-437-4988x624
68,Smith-Randall Electronics,68319 Amber Extension Apt. 614,Scottfurt,TN,92577,375.638.9932
69,Simpson Ltd Electronics,6706 Brianna Unions,Sheriview,VA,94208,425-563-5992x5922
70,Cooper Group Electronics,7381 Jennifer Ramp,Thomasview,MT,73723,119.650.9149
71,Wallace PLC Electronics,894 Fischer Field,Hollandborough,HI,22497,361-864-8872x758
72,Obrien and Sons Electronics,016 Lee Club,Deniseshire,IN,15079,001-255-817-3706x597
73,Cook Inc Electronics,7058 Michael Club,Port Cynthiaburgh,CA,17919,717.431.9686
74,Miles-Smith Electronics,984 Stacey Manors,Kleinfort,HI,02770,001-090-450-2799x64744
75,"Smith, West and Ortiz Electronics",8623 Robert Walk,Lopezhaven,RI,32503,001-197-572-4481x43338
76,Kennedy LLC Electronics,747 Martinez Loaf,New Jamiefort,AZ,31575,681.190.8397x3786
77,"Moore, Taylor and Anderson Electronics",4250 Rachel Garden Suite 217,Lake Kim,NV,79440,(146)357-9272x2252
78,Flynn Inc Electronics,15240 Justin Circles Apt. 431,Davidborough,CO,00831,935-684-4555x887
79,Ramirez-Dennis Electronics,74045 Noah Well Suite 758,Heidifurt,CO,54526,9776097223
80,"Douglas, Dunlap and Patel Electronics",979 Sellers Springs,Maryhaven,NV,09000,677-086-0591
81,Franklin-Ross Electronics,54468 Burke Stravenue,North Charlesborough,MI,52451,001-529-269-0946
82,"Gilbert, Roberts and Ward Electronics",6478 Wilson Club,North Kathleen,AK,78057,132-653-3698
83,Brock Group Electronics,72799 Patrick Course Suite 972,Cruzmouth,IL,96264,7042619714
84,"Palmer, Jackson and Gutierrez Electronics",766 Wilson Valley,Colemanhaven,KY,19368,824-180-5656x682
85,Coleman Group Electronics,57914 Ann Land Apt. 725,Millerton,OH,65512,171.688.1443x642
86,"Woods, Hicks and Miller Electronics",74825 Lisa Via,Timothymouth,LA,04063,(280)633-1957x1185
87,"Hicks, Mills and Sampson Electronics",5852 Jerry Knoll,Valeriemouth,PA,25910,+1-499-470-6109
88,"Singleton, Ramirez and Christensen Electronics",07576 Timothy Plain Apt. 660,Lake Nancystad,ME,64912,+1-775-852-1333x6089
89,Hunter Inc Electronics,39193 Lester Spur Apt. 830,Lake Jonathan,WA,11785,0718751843
90,Smith-Miller Electronics,5207 David Green,Port Kyle,OR,56812,6322866813
91,Johnson-Reed Electronics,14048 James Gardens,New Joelborough,LA,59342,068-701-6208
92,English LLC Electronics,31029 Buck Springs,Steinstad,IA,33593,369.960.7250
93,Palmer PLC Electronics,54245 Grimes Hollow Apt. 489,Lake Sandramouth,ME,49299,668-066-8648x35650
94,"Jenkins, Armstrong and Williams Electronics",31151 Alvarez Light,Lake Dominiqueland,PA,27610,+1-860-980-8815x6910
95,Johnson-Wright Electronics,9673 Ruben Port,North Williamland,LA,24628,(632)984-5077x064
96,"Chapman, Nash and Bennett Electronics",4222 Mary Junctions,Colemanfurt,MS,34947,(269)912-7841x1580
97,Miller-Price Electronics,38988 Hernandez Lodge,West Amandashire,NH,98090,(593)850-1692x6718
98,Chavez Inc Electronics,24872 Melanie Vista Suite 546,Ginamouth,FL,06750,+1-883-992-0955
99,Brewer LLC Electronics,97843 Kathleen Ways Suite 346,Thomasburgh,DC,71913,(624)794-3368
100,Johnson-Le Electronics,0407 Joseph Points,Williamhaven,IA,16960,001-348-979-9330x815
101,Miller Ltd Electronics,4941 Medina Inlet Apt. 594,Robersonmouth,AL,53596,302.405.5190x076
102,Smith-Williams Electronics,556 Danielle Mountains Suite 914,New Brandonfort,VT,17468,+1-835-021-7512x70085
103,"Hughes, Roach and Garcia Electronics",99736 Campbell Courts Suite 386,West Gabriel,MN,45339,040.006.6765x39112
104,"Myers, Baker and Lopez Electronics",28723 Michael Trace Suite 253,Mallorybury,RI,40204,112-506-0424x2662
105,Thompson-Weaver Electronics,13240 James Island,Clarkfurt,CT,31236,(452)835-3711
106,Myers Ltd Electronics,1197 Jamie Prairie Suite 891,Katrinabury,FL,37791,278-602-5493
107,"Gonzales, Humphrey and Ramirez Electronics",077 Cindy Brook,Hughesland,ID,22126,462.290.0692x0805
108,"Smith, Ashley and Hunter Electronics",2227 Cline Meadow Apt. 769,New Jameshaven,DE,94777,001-105-289-4942x46999
109,Palmer Inc Electronics,94481 Khan Field,Lake Cynthia,NE,27427,+1-589-782-7183x821
110,"Bush, Carroll and Christian Electronics",72627 Solomon Lights Apt. 606,Johnsonview,MT,96131,(538)565-5785x6155
111,Drake-Morris Electronics,847 Charles Gardens,West Nicole,TN,50822,289.683.8282x4486
112,Waters-Prince Electronics,495 Kelly Turnpike,East Deborah,HI,24700,451.400.5632x3732
113,Ray-Duarte Electronics,425 Brooke Path Suite 745,Meltonfort,DC,44591,312-520-2896x48894
114,"Bush, Leach and Aguilar Electronics",73769 Tracy Unions Suite 067,West Brian,IL,06191,001-668-644-0281
115,Carroll-Gomez Electronics,81138 George Pine,Joshuaborough,NH,61599,+1-703-107-1068x2703
116,Moses-Thompson Electronics,4173 Alicia Manor,New Samuel,MS,09300,710.118.0725x66814
117,Lee LLC Electronics,087 Sydney Summit Suite 099,East Robertoville,CO,45873,001-874-320-6306x72095
118,Hill-King Electronics,1204 Jenkins Falls Apt. 988,Lake Antonio,IL,89913,(291)735-5599x399
119,Camacho-Reilly Electronics,428 Richardson Mall Suite 929,Lake Daniel,MT,47182,918.230.2334x67367
120,Keith PLC Electronics,13845 Ryan Summit Apt. 955,Ianstad,NM,66586,348.048.0842x921
121,George-Delacruz Electronics,3119 Michelle Points Suite 101,East Bethstad,RI,27462,001-637-901-5289x108
122,"Michael, Christensen and Williams Electronics",560 Wright Creek Apt. 493,Smithton,MS,98605,702-075-3263x0975
123,Rice Group Electronics,7403 Deborah Manors,Cassidymouth,MI,81444,(724)828-6780x421
124,"Rodriguez, French and Macdonald Electronics",8828 Vaughn Rue,Davidview,WV,81937,2684527467
125,West PLC Electronics,7717 Young Drives,Smithton,MD,46958,742.949.4965x486
126,Sanders Ltd Electronics,278 Kevin Hollow Apt. 495,East Bobby,MS,17823,6330367717
127,Baker-Davis Electronics,457 Zavala Ways Suite 432,Hesterport,KS,97331,(226)810-4201
128,"Sparks, Dudley and Price Electronics",073 Cooper Views Apt. 575,Ryanview,ME,21831,903-113-5563
129,Perez Ltd Electronics,38397 Andrew Mountains,Johnsonshire,AL,68292,878.090.0900x64380
130,Moss-Harris Electronics,771 Delacruz Passage Suite 693,Kennedystad,WA,08257,719.581.7881x6016
131,Williams-Molina Electronics,80466 Robert Street Apt. 676,Mortonborough,FL,01948,(625)484-6698
132,Kennedy Group Electronics,44420 Kaitlyn Extensions,New Codyton,DC,94799,+1-723-333-4904x781
133,"Boone, Davis and Ferguson Electronics",701 Bullock Coves,Brandonfort,NM,32894,2463528108
134,Knight PLC Electronics,02992 Guzman Curve Apt. 541,North Moniquetown,WY,04162,201.654.8816
135,Garcia PLC Electronics,174 Bradley Fall,Patrickmouth,CA,87961,1097923094
136,Vargas-Cardenas Electronics,54398 Deborah Mountain Apt. 444,New Frank,IL,90277,450-888-0722x7229
137,Gonzalez Ltd Electronics,303 Kevin Glens Apt. 669,West Davidton,OR,14091,+1-217-574-7826x047
138,King-Johnson Electronics,8839 Mcdaniel Center,New Anneside,NE,63964,+1-918-209-3087x2118
139,Bradshaw Ltd Electronics,87472 Ware Springs,Munozchester,CA,73021,288.792.0738x3929
140,"Velasquez, Paul and Thomas Electronics",3167 Mcclain Crest,South Elizabeth,NY,33348,415.491.9218x928
141,Bell-Stewart Electronics,5147 Angela Summit,South Savannah,WI,92367,679.030.0050x5004
142,Delacruz Ltd Electronics,0185 William Rapid Suite 613,West William,SD,36395,001-743-613-9263x8276
143,"Evans, Diaz and Mcdowell Electronics",804 Macias Spurs,Port Jenniferfurt,WA,06538,(276)529-1804
144,Henderson Inc Electronics,0322 Smith Ferry Suite 073,Pierceville,AR,93102,(228)677-4277x721
145,Gallegos-Day Electronics,12352 Courtney Cliffs,Owensview,NE,57574,(387)996-7610
146,"Rodriguez, Simpson and Jordan Electronics",6008 Drew Road Apt. 407,Jenniferburgh,IN,28426,4304724386
147,Stewart Ltd Electronics,24333 Medina Point Suite 338,West Scottmouth,KY,98436,8312342529
148,"Hill, Wilkins and Jones Electronics",74768 Lucero Flats,Petersonmouth,IA,73386,001-481-408-1866
149,Oconnor Ltd Electronics,6242 Chan Ports,South Zachary,WY,52923,001-672-847-1976x7422
150,George Inc Electronics,068 Kimberly Island,Port Jessica,MD,02072,001-533-693-6719x0100
151,Phillips PLC Electronics,23741 Mary Manor Apt. 142,Craigmouth,PA,91106,(178)142-2352x7228
152,"Lane, Allison and Martinez Electronics",45663 Harmon Drives Apt. 625,East Tiffanyberg,AR,90912,001-598-363-1947x45248
153,Jones-Hawkins Electronics,519 Lambert Bypass Suite 275,New Leonville,SD,99298,465.555.4606x3835
154,Lopez-Morgan Electronics,0592 Kevin Cape Apt. 259,Donnastad,DE,79873,+1-789-264-1835x5758
155,"Murphy, Holder and Rojas Electronics",5640 Joanna Divide Apt. 774,Kirbyberg,KY,28608,+1-961-037-8228x0858
156,"Alexander, Estes and Munoz Electronics",24623 Brown Forges,Aliciaside,ND,93693,756-940-8944x79312
157,"Cobb, Daniels and Henderson Electronics",6856 Ortiz Track,South Austinmouth,CO,32440,371.955.6964x994
158,Garcia Group Electronics,40534 Young Cove Apt. 216,Lake Johnton,CA,82806,(284)096-2342x97664
159,"Thompson, Rhodes and Williams Electronics",848 Brittney Islands,Stephenshire,RI,83096,+1-706-668-7870x0710
160,"Brown, Castillo and House Electronics",111 Timothy Common,Port Jasmine,KY,61387,(351)903-7134
161,"Ramos, Martinez and Young Electronics",74598 Smith Forge Suite 936,Carneychester,UT,73153,979.121.2857x5781
162,"Kaiser, Dixon and Martin Electronics",6460 Christopher Valleys Apt. 045,Martinchester,CT,34416,457.415.5837x42320
163,"Glass, Tucker and Stone Electronics",138 Torres Trafficway,South Danielborough,FL,17321,3931733325
164,"Schmidt, Holt and Benjamin Electronics",183 Whitney Turnpike Suite 929,Alexandraborough,OH,42560,+1-964-605-5415
165,Alvarez Inc Electronics,26553 West Square,Christianburgh,MA,02274,2050654116
166,Castillo PLC Electronics,210 Lisa Drives,Port Ronaldshire,KS,83406,001-659-032-2239
167,Thomas-Mcbride Electronics,064 Smith Forge Suite 606,South Charlesburgh,TN,38078,361.686.6919
168,Bishop-Hamilton Electronics,9038 Roberts Isle Apt. 557,Bentonhaven,IN,41230,(104)715-0924
169,White-Wilson Electronics,082 Williamson Street Apt. 956,South Wesley,CO,15902,548-726-4966x2232
170,Rodriguez PLC Electronics,48173 Robert River Suite 331,West Robertmouth,WA,52942,3649267149
171,Lopez-Mccarty Electronics,73073 Teresa Junction Apt. 924,Nicoleview,NC,13268,(967)763-7022x80290
172,Stone-Smith Electronics,418 Kyle Garden,West Elizabethhaven,MD,20007,333-736-5654
173,"Hawkins, Jimenez and Gibson Electronics",036 Christopher Causeway Apt. 022,Payneport,SD,04086,(465)547-1971x100
174,Gomez Group Electronics,239 Charles Manor,Lake Matthewport,AK,56791,(389)227-3661x464
175,Lewis-Green Electronics,053 Chad Street Suite 652,Jenniferberg,CT,62530,1827641508
176,Foley-Gilbert Electronics,9952 Harrison Court,Johnland,WA,64337,(612)420-0148x566
177,Crawford and Sons Electronics,2621 Cynthia Park,Rodriguezside,NC,56086,(443)573-2444
178,Morales Inc Electronics,193 Mahoney Fork Suite 105,South Justin,DE,60489,2519233588
179,Nelson Group Electronics,822 Olsen Station Suite 431,Nicholasside,IA,03573,968-350-6273x09364
180,"Williams, Smith and Pacheco Electronics",45748 Taylor Mission Apt. 849,West Rebecca,AZ,38771,(892)150-6664x241
181,Farley-Phillips Electronics,183 Robertson Street,South Christine,AL,84071,(326)234-3543x6137
182,Hayden and Sons Electronics,42629 William Parkway Suite 061,South Debbieton,GA,41798,991-296-5956
183,Krause-Burke Electronics,054 Miller Island Suite 229,Carneyfurt,RI,18923,1246410122
184,Taylor-Thomas Electronics,650 White Turnpike,Chaseport,ND,96814,(569)855-1935x9821
185,"Thompson, Gray and Osborn Electronics",771 Gonzalez Cape Suite 872,Port Jimmyport,DE,25986,1913754434
186,"Pitts, Ford and Glover Electronics",0789 Brian Glen,Yuland,OH,68180,+1-581-586-1768x0132
187,"Garcia, Miranda and Fox Electronics",561 Lee Locks Apt. 615,New Richardview,DC,34375,041.309.8746x353
188,Jackson Group Electronics,8141 King Roads,New Davidfort,OR,59354,(281)524-5266x28469
189,Allen-Johnson Electronics,77799 Jessica Key,Paultown,IN,81480,(077)950-7528
190,Lopez-Poole Electronics,2289 Richardson Extensions,Higginsfurt,AK,71611,+1-349-771-3106x48612
191,Young Ltd Electronics,87243 Jessica Valleys Apt. 494,Andreaville,VA,30958,137-225-3583x20924
192,Shannon-Spence Electronics,41497 Kevin Station,Tonyashire,WV,81761,(065)679-1240x804
193,Garcia and Sons Electronics,1688 Martinez Wall Apt. 045,Williamfurt,NY,22635,(074)702-2890x4420
194,"Cross, Lam and Huff Electronics",38662 Fernandez Skyway,Velasquezmouth,TX,78088,689.182.7106x2012
195,Burgess-Mayo Electronics,7565 Bauer Isle,East Bradleychester,AL,00907,+1-142-594-1207x28757
196,Johnson-West Electronics,105 Benjamin Road,New Douglasville,NY,01496,904-082-6809x191
197,Young-Hall Electronics,945 Solis Land,New Makaylaton,KY,37094,880-425-3834
198,Thomas Inc Electronics,698 Ross Viaduct Suite 909,Scottstad,NC,39982,(440)133-2478
199,Rodriguez-Kane Electronics,21817 Annette Divide,Petershaven,ND,72331,(963)124-9591x12106
200,"Thomas, Miller and Murphy Electronics",1736 Daniel Vista Suite 848,Brianstad,TN,76799,001-847-225-4453x465
201,"Howell, Baird and Snyder Electronics",86723 Tyler Junctions,North Andre,WA,64266,(814)624-8197x66044
202,Mays Group Electronics,830 Phyllis Keys Suite 724,Ianton,IN,76698,(135)042-8901
203,Miller Inc Electronics,50080 Moore Pines,East Anthonytown,WV,67456,(540)780-9196
204,Thornton and Sons Electronics,0886 Castillo Roads,Lake Cynthialand,NJ,96488,+1-531-888-1444
205,Matthews Inc Electronics,32921 Simmons Lake,New Amanda,DC,48586,001-797-209-6025x9619
206,English Inc Electronics,29469 Jackson View Apt. 963,Boyerview,AL,68188,597.109.0960x347
207,Caldwell-Collier Electronics,6578 Johnson Greens Apt. 473,Port Susan,ME,08754,001-909-376-3422x203
208,Dalton-Howell Electronics,524 Angela Shoals Apt. 889,West Karenfurt,OH,06022,001-433-496-1917x680
209,Wilson PLC Electronics,27844 Katie Corner,West Donaldberg,PA,60103,495.746.7063
210,Chase Group Electronics,62172 Wilson Stravenue,Wareberg,DE,74634,5819947681
211,"Rodriguez, Cole and Green Electronics",8667 Victoria Rapid Apt. 410,Odonnellville,SC,64695,695.937.1596
212,"Willis, Wilson and Cohen Electronics",8822 Ross Glen,Ballview,NE,30185,(693)005-7394
213,"Clark, Grant and Hernandez Electronics",43631 Perez Club,Lake Cliffordbury,CT,68380,+1-347-705-1164
214,Kim PLC Electronics,798 Warner Ranch,West Mark,MO,94547,(699)030-0218
215,Walton-Williams Electronics,7161 Jason Burg Apt. 366,Smallport,ID,42202,001-782-363-2182x8869
216,"Smith, Henry and Dennis Electronics",625 Matthews Path Suite 524,Stephenland,TX,43065,001-925-731-1206x6842
217,Miller-Cordova Electronics,20326 Miranda Extension,Mollychester,NV,89181,(995)336-7376
218,"Baker, Casey and Palmer Electronics",13147 Claudia Haven Apt. 002,East Shannonburgh,ND,39001,(899)213-5383
219,Koch-Myers Electronics,3044 Heidi Estate,Meagantown,WY,51555,(030)859-5377
220,Johnson-Holden Electronics,44359 Lopez Bridge,Stewartport,CT,10677,210-483-5657x0683
221,Hudson Inc Electronics,1949 Jessica Hills,Port Christy,MT,70058,001-542-411-7517x1352
222,Barnes Ltd Electronics,9865 Diaz Motorway Suite 861,Greeneshire,SC,18401,001-869-321-2183
223,Price-Sanders Electronics,12778 Thompson Village,Deannachester,NE,82014,033.794.0787x9503
224,Brown-Hill Electronics,8481 Eaton Plains,Heathermouth,ND,55110,108-081-3780x256
225,Berry-Reynolds Electronics,44039 Jefferson Prairie Suite 672,Perryborough,VA,93923,+1-584-069-3269x348
226,Young-Black Electronics,7487 Farrell Rue,Patriciamouth,PA,74505,(940)075-2105
227,Jones PLC Electronics,84002 Russell Spurs Suite 305,Michaelside,MA,40001,001-620-403-4290x93574
228,"Walters, Cox and Wilson Electronics",72915 Miller Estate,North Kyle,DC,21866,+1-655-479-8589x29752
229,"Hansen, Bell and Lewis Electronics",06433 Li Cape,Jeffreyville,DE,34772,001-795-363-8774x42927
230,"Bates, Garcia and Powell Electronics",3809 Christina Forest Apt. 656,Burnsbury,AK,69252,(792)045-1583x7538
231,Melton-Norris Electronics,9999 Phillips Plaza Suite 424,Parkmouth,CT,65625,(304)830-1089
232,Cochran-Logan Electronics,493 Mason Parkways,Lake Justin,WA,86875,(030)706-8741x460
233,Austin-Johnson Electronics,4623 Vasquez Ports,West Christopher,SD,55114,201-580-3035x5970
234,"Brown, Martinez and Murphy Electronics",7179 Schmitt Camp Apt. 936,North Brian,ND,89073,001-015-790-8889
235,"Patrick, Saunders and Cooper Electronics",4780 Billy Lights,Adamsbury,MO,34465,(794)046-5999
236,Morales-Carpenter Electronics,562 Laura Flats Suite 610,Jonesstad,ID,11890,924-965-9584x123
237,"Wheeler, Armstrong and Fernandez Electronics",29374 Smith Circles Apt. 445,Port Natalieberg,SC,78986,(137)892-5324x6877
238,"Dennis, Chavez and Perez Electronics",329 Farrell Parkways,East Bryan,LA,69962,(031)329-5807
239,Carrillo and Sons Electronics,01951 Peterson Ports Suite 095,South Corey,PA,57635,138.629.6036x919
240,Walker-Reyes Electronics,0805 Stewart Shores Suite 041,Nguyenmouth,OR,90224,358-073-6128x19247
241,Melton-Hoffman Electronics,0179 Riddle Crossroad,Port Meaganview,OR,26231,077-080-0434x4914
242,Compton LLC Electronics,670 Saunders Station,Lake Adam,NE,15517,001-356-370-5059x17143
243,Hansen Inc Electronics,9151 Mccoy Manor Apt. 776,New Karenstad,IN,69529,001-176-330-2583x406
244,Brandt Group Electronics,66232 Simmons Hill,Schultzbury,ND,93082,8252792087
245,Park-Phelps Electronics,007 Jonathan Points Apt. 876,Conwayhaven,AR,80597,705.131.4703
246,Franklin-Moore Electronics,31992 Lindsey Trail,Lake Roberttown,RI,83038,6542442968
247,"Atkins, Gomez and Escobar Electronics",95148 Doyle Forge Suite 251,Amyborough,UT,02794,(127)992-2797x52838
248,Peters Inc Electronics,6574 Nathan Ferry Apt. 837,East Whitney,MA,87479,001-048-736-1006
249,Tran-Miranda Electronics,935 Tracy Tunnel Apt. 069,Tammyview,LA,54388,(594)427-5093
250,"Noble, Avila and Savage Electronics",786 Brandon Run Apt. 652,Lake Maryfurt,IL,23652,4881489423
251,Greene and Sons Electronics,210 Brian Mills Suite 151,Paulmouth,ND,59941,403-496-8168x38459
252,Hughes-Schultz Electronics,41562 Lauren Trail Apt. 756,Port Andrew,SD,00843,+1-113-906-2379x5827
253,Davenport Group Electronics,75096 Wood Squares,Shawnshire,IA,94831,+1-509-719-2577x175
254,"Leach, Mitchell and Cross Electronics",0151 Kathryn Stream Suite 346,Port Aaron,IN,04741,+1-295-566-6653
255,Harrison-White Electronics,67504 Boyer Gardens,New Carolynville,IN,64525,+1-885-952-4581x540
256,Perkins-Roberts Electronics,07952 Lisa Wall,Port Heathertown,RI,42244,765-098-9327x4791
257,Robertson-Montgomery Electronics,23408 Victoria Track,Port Debrafurt,IL,04730,001-661-456-0553x6313
258,Case PLC Electronics,657 Cynthia Radial,Butlershire,ID,73574,(369)356-3114
259,Burgess-Jensen Electronics,716 Jill Summit,Suzannemouth,MS,65494,001-691-113-9218
260,Nunez-Gibson Electronics,776 Miranda Port Suite 218,Mendozaport,MT,67244,936-767-5732x73640
261,Kaiser-Moss Electronics,4564 Chambers Drive Suite 279,Gibsonton,IN,35752,+1-856-646-7145x906
262,Turner-Mooney Electronics,18788 Preston Mount,West Michellebury,IA,88395,+1-014-261-0534x595
263,Ramirez-Williams Electronics,8844 Cummings Pines Apt. 499,Port James,IA,97184,(651)422-8122
264,"Mathews, Mills and Tapia Electronics",902 Roberts Mews Apt. 790,Harrisland,NC,94218,(845)746-8296x00876
265,Martin-Smith Electronics,521 Rebecca Overpass Suite 696,Lake Heatherstad,CO,43097,001-952-625-2997x77773
266,Daniels-Gray Electronics,1263 Jason Forge,Frederickborough,CA,19346,+1-466-852-3696
267,Gutierrez PLC Electronics,7536 Sandra Wall Suite 689,Stewartberg,MD,07236,384-876-5753
268,"Glass, David and Garcia Electronics",0413 Hoffman Crossing Apt. 054,Brittneymouth,VT,68127,134-006-9187
269,Richardson Ltd Electronics,78567 Todd Mills,North Chad,MD,81598,(115)594-0525x80630
270,Campbell LLC Electronics,805 Taylor Estates Apt. 542,Tammyview,NE,94748,0015746777
271,Harris-Sanders Electronics,049 Lee Row,Cindychester,CT,15700,(065)145-8202x18598
272,Whitney-Wyatt Electronics,2360 Kevin Rapids,North Timothy,SC,73878,(852)143-8576
273,"Silva, Kim and Graham Electronics",4831 Payne Roads,South Brendaville,RI,68028,172-669-1047x88499
274,Morales-Moreno Electronics,6023 Perry Gateway Apt. 758,Amberhaven,PA,43317,305.127.4210
275,Brown Ltd Electronics,14253 Chad Square,Lake Sarahtown,IL,74871,001-549-472-3633x9944
276,Dawson Ltd Electronics,218 Manuel Union Apt. 893,East Theresa,WV,31323,3574761496
277,Hart PLC Electronics,8470 Kathleen Junctions Apt. 147,Mooreton,MS,75927,001-233-910-9478x689
278,Smith-Hunter Electronics,066 Schwartz Isle Apt. 847,South Michellefort,CO,02899,529.742.7664x332
279,White Ltd Electronics,9947 Joshua River,North Garyberg,MO,83336,001-643-652-2081
280,Archer-Thompson Electronics,525 John Ville,West Michaelmouth,FL,98411,(672)273-8719x509
281,"Martinez, Nixon and Gray Electronics",898 Catherine Roads Apt. 508,Cherylview,MA,20359,510-328-3189x3543
282,Bennett Inc Electronics,383 Susan Highway Suite 013,Carlsontown,PA,19633,001-306-989-8740x8232
283,Jones-Higgins Electronics,906 Smith Orchard Suite 576,Bryanbury,SC,79967,(458)631-8701x3622
284,"Brown, Lynch and Munoz Electronics",7499 Cynthia Ramp Apt. 803,Oliverborough,GA,19076,+1-427-022-6923x2333
285,"Martinez, Morton and Mcconnell Electronics",45485 Carlos Road,Maldonadostad,CO,70621,876-079-5744x6823
286,Odom Inc Electronics,6949 Patrick Circles,West Dustinville,IL,57897,+1-009-300-5644x5418
287,"Mccarty, Randall and Armstrong Electronics",3882 Caldwell Landing,Farmerbury,LA,78862,(783)656-1330
288,"Ortega, Bailey and Cardenas Electronics",867 Ross Grove Apt. 549,Robinsonberg,CA,42467,+1-785-698-2579x04844
289,Ellis Ltd Electronics,1030 Chavez Trail,North Ashley,SD,88559,3617312243
290,Baker Group Electronics,300 Chelsea Villages Apt. 766,South Nicholasberg,AK,97649,1012448541
291,"Murray, Howell and Williams Electronics",828 Johnson Grove,West Anthonyberg,AR,50508,(139)019-9515x680
292,Campbell-Brown Electronics,03367 Vaughn Mission,Christopherhaven,IL,82118,001-369-408-4658x73929
293,"Walker, Washington and Arnold Electronics",959 Gonzalez Drive,Port Donnashire,MA,60144,8111589167
294,"Boyd, Bird and Smith Electronics",49037 Andrew Roads,Evanburgh,MI,28724,(187)033-0019
295,"Kelly, Benitez and Johnson Electronics",0584 Valerie Tunnel,West Kellyshire,IN,06199,515.032.8981x51609
296,Martin-Daugherty Electronics,7125 Morris Estates,East Rhondafort,CA,86862,+1-699-041-8368
297,Haley and Sons Electronics,5902 Thompson Forge Apt. 642,Port Jacquelineton,OR,39594,075.294.3715
298,Smith LLC Electronics,201 Mark Skyway,Jefferyburgh,SD,02227,(005)867-1002
299,"Sullivan, Yoder and Williams Electronics",9386 Ryan Keys,East Carlosville,CO,60209,0275345719
300,Miller-Wallace Electronics,57878 Moreno Points,West Vernon,AK,04216,+1-545-519-1645x8945
301,Smith PLC Electronics,134 Kathleen Drive,Lake Emmafurt,SD,75929,925-754-1577x2704
302,Baker PLC Electronics,86055 Turner Summit,Edwardsmouth,RI,78925,469-183-5677
303,Harris and Sons Electronics,0649 Johnson Crossing Suite 352,North Mary,NH,94869,450.019.6405x5817
304,Salinas and Sons Electronics,69248 Jessica Loop,Port Mollyburgh,MS,95924,001-506-078-2073x393
305,"Roy, Harris and Clark Electronics",745 Jason River,South Michelleview,MT,47690,+1-992-161-5237x676
306,"Christian, Zuniga and Parsons Electronics",879 Clark Trace,Port Joshualand,MI,37340,(179)822-6160
307,Gentry-Mcintyre Electronics,3500 Teresa Ranch Suite 998,Port Michaelton,MD,88018,+1-393-581-8134x626
308,"Rodgers, Kane and Porter Electronics",58684 Ryan Common,Jonesstad,CO,84898,694-769-0807
309,Dunn-Garcia Electronics,5164 Smith Manor,South Jennifer,NY,38752,4327339029
310,Henderson Inc Electronics,030 Clarence Forge Apt. 854,North Georgeborough,IA,03091,001-707-577-6807
311,Pitts-Bryant Electronics,0870 Thompson Landing,Michaelfurt,AK,24313,001-319-724-9693x29021
312,Perez Group Electronics,7908 Christina Rue,West Jessica,SC,13102,165-605-5596
313,Banks-Fisher Electronics,892 Harvey Tunnel Apt. 553,West Jimmy,FL,55992,001-815-166-8318x448
314,Montgomery Group Electronics,5545 Bowers Walks Apt. 333,West Kellybury,MT,52342,194.381.1012x9227
315,Oneill Ltd Electronics,83894 Jackson Underpass Suite 938,Ericburgh,MA,78653,273.685.9802x6308
316,Ford-Miller Electronics,78185 Jordan Center,South Melinda,ID,06473,064-217-5908
317,"Erickson, Howard and Arroyo Electronics",377 Jackson Park,East Shawn,PA,67799,460.568.2007x50386
318,Finley-Sampson Electronics,4257 Walter Trafficway Suite 305,West Alexandermouth,NV,33647,+1-130-414-0977
319,Boyd Inc Electronics,74050 Thomas Walks,South Matthew,MD,14782,+1-435-902-0285
320,Chang-Miller Electronics,487 Hall Union Apt. 843,Williamhaven,HI,72716,(217)401-3149x9071
321,"Shelton, Henry and Patton Electronics",754 Ballard Village,Laurenton,NH,46700,546.805.7573x4205
322,Nielsen-Carroll Electronics,73151 Ricky Trail Suite 117,Johnsonmouth,UT,11582,(816)261-2275x271
323,"Mills, Todd and Frank Electronics",98522 Martha Falls,Cartertown,AL,21211,275-379-3714x689
324,"Johnson, Medina and Wilson Electronics",00340 Avila Heights Apt. 831,Jacobport,MO,62102,(029)044-3947
325,Smith-Bryan Electronics,7370 Wright Branch,Wileyland,WA,49532,(917)465-4588x471
326,Harris-Brown Electronics,0527 Diaz Throughway Suite 189,Barrettport,MA,78465,(170)772-1720
327,Medina Ltd Electronics,0328 Vanessa Overpass Apt. 648,Kristentown,IN,65666,001-227-374-6848x8289
328,Mitchell PLC Electronics,3994 Morris River,Leemouth,VA,02048,907.068.4829x7454
329,Benitez PLC Electronics,547 Burke Burg,South Donnaland,TX,36344,(438)547-0739
330,Gutierrez and Sons Electronics,32207 Martinez Corner,South Susan,MI,87955,730.374.1915x7974
331,"Levy, Burgess and Martinez Electronics",047 Khan Square,Heatherstad,NC,34020,001-543-383-5998x75848
332,Ayala LLC Electronics,024 Miller Common,New Melanieville,AL,82272,769.332.6208x686
333,Anderson-Patel Electronics,2611 Jennifer Haven,New Mario,VT,42610,+1-850-195-9683x091
334,Johnson-Kelly Electronics,86859 Nash Corners Suite 247,Janicechester,WI,68595,(545)954-8394x5559
335,Pierce-Harris Electronics,464 Monica Key,West Miranda,AR,33466,001-995-740-2440x966
336,Esparza Inc Electronics,230 Erin Landing Apt. 990,East Daniellemouth,ND,89934,(596)676-8359x8497
337,Miller-Waters Electronics,321 Riley Grove Suite 008,New Robin,WI,74156,894-409-1682x82881
338,"Nguyen, Hall and Frazier Electronics",00499 Nicole Islands Suite 168,Mejiafurt,IA,44414,877.556.7891
339,Silva-Gaines Electronics,9635 Kimberly Expressway Apt. 600,Jonesmouth,AZ,53392,(287)362-9682x31741
340,Palmer-Robertson Electronics,096 Vanessa Locks,Finleyton,CA,11503,(217)521-3208x06371
341,King PLC Electronics,5431 Burns Coves Apt. 130,North Aaronborough,MD,37350,001-772-724-9815x1089
342,Johnson-Johnson Electronics,088 Johnson Bypass,Rochahaven,LA,10986,687-870-4964x90619
343,Garcia-Black Electronics,25098 Smith Wells Suite 700,Greggton,TX,21196,(785)539-1190x65063
344,Myers-Abbott Electronics,28360 Jose Roads Suite 284,Harringtonland,ID,34750,686.634.4253x700
345,"Mills, Hudson and Jenkins Electronics",3120 Zachary Ports Apt. 153,Blackburnmouth,PA,39717,761.542.8542
346,"Allen, Jones and Rogers Electronics",83744 Griffin Garden Apt. 359,Carriefurt,NC,71403,(461)382-1031x24646
347,Cummings and Sons Electronics,87246 Fox Street,Jamieside,GA,26042,115-567-3813x4716
348,"Evans, Johnson and Foster Electronics",75143 Hensley Land,East Michelle,PA,68779,001-815-051-7959
349,"Cruz, Ray and Welch Electronics",5573 Joanna Gardens,South Brad,CO,13441,301-389-3013
350,Horton Ltd Electronics,6959 Chavez Shore,South Jenniferville,DE,11712,(460)385-4534
351,Robertson and Sons Electronics,8563 Guerrero Centers,South Mark,CO,11975,+1-101-570-7084x219
352,Carter-Cunningham Electronics,902 Ross Green,Smithville,ND,62255,454-755-3166
353,"Cooper, Walker and Booker Electronics",41242 Jackson Key,Hardinview,CT,37944,+1-235-408-6149
354,"Middleton, Watson and Gonzalez Electronics",7444 Nichole Mission,Saraberg,NV,29180,+1-607-075-7209x2041
355,Young LLC Electronics,6597 Julia Mountain Suite 689,South Mark,IL,06920,039.256.9068x142
356,"Estrada, Smith and Brennan Electronics",79406 Jacobs Points Apt. 761,East Erik,PA,23448,001-585-230-6655x34628
357,Hall Group Electronics,452 Jonathan Alley,Anthonyside,NY,73242,(305)279-9998x8771
358,Sanchez-Adams Electronics,9740 Jackson Burgs Suite 742,Lambertport,HI,92832,001-562-022-9211
359,Bridges Ltd Electronics,3878 Johnson Mission,East Davidmouth,VA,46462,(219)599-5455
360,"Payne, Pena and Wood Electronics",603 Rachel Station,Halltown,RI,31259,631.766.7036
361,Wood-Ramos Electronics,451 White Route Apt. 810,South Dennisbury,OR,85214,(712)101-7312x4726
362,Butler-Taylor Electronics,35738 Devin Causeway,Brandonburgh,OK,73054,665-867-8902x966
363,Baker Ltd Electronics,208 Sydney Land Apt. 132,Port Shelleyhaven,GA,32314,(373)549-4745
364,Cooper Ltd Electronics,4266 Tim Inlet Suite 797,Jacksonstad,MD,59206,132.271.9193x3691
365,Norton-York Electronics,66275 Kelly Green,New Jessicafurt,AZ,04558,001-613-515-4663x207
366,Ramirez Ltd Electronics,33710 Thomas Trail,Robertview,TN,99733,(924)361-9970
367,Carpenter LLC Electronics,9620 Edwards Streets Apt. 917,Karenport,RI,40324,596.284.4071x88808
368,Rodriguez Group Electronics,2276 Steven Fields,East Donald,MD,92733,5620001880
369,"Parks, Myers and Lucero Electronics",825 Richard Squares,Gilestown,WA,92021,761-445-2024x7069
370,"Williams, Brown and Lozano Electronics",776 Logan Ramp,South Scott,NM,04952,208.714.5439x86292
371,Jones Group Electronics,42837 Cynthia Ramp,North Jose,LA,11768,001-990-886-3944
372,"Lopez, Miller and Reyes Electronics",66962 Eric Trail Apt. 052,West Seanland,CT,55809,(841)175-1617x532
373,Baker Ltd Electronics,4793 Denise Spring Suite 340,Port Carloschester,MS,58918,900-076-3678x7984
374,"Williams, Miller and Schmidt Electronics",810 Watts Field Suite 162,East Kayla,KY,17003,8407735091
375,Simon Group Electronics,8530 Alexander Parks Apt. 334,Christopherfort,CO,67712,(408)641-8796x236
376,Pace Group Electronics,5481 Matthew Square Apt. 423,Cantrellberg,MA,93943,804.113.1808x328
377,"Mcdaniel, Gray and Williams Electronics",9320 Mathews Park Apt. 689,East Willie,DE,45207,(408)204-5648x058
378,Garcia LLC Electronics,72632 Victoria Row Apt. 732,Garyton,SD,67369,(133)333-9520
379,Duncan Group Electronics,959 Yvette Avenue Apt. 600,South Megan,WY,30274,283-910-0697
380,Rios Group Electronics,699 Anna Groves Suite 830,Lake Sarah,IL,30946,504.645.8217x4854
381,Villarreal PLC Electronics,957 Hogan Path Suite 761,North Christopher,NY,99404,+1-580-093-7641x914
382,Clark-Johnson Electronics,734 Brittany Turnpike,Martinezmouth,VT,50006,327.752.8966x2664
383,"Harmon, Reyes and Reynolds Electronics",63256 Avery Bridge Suite 924,North Olivia,VT,05368,(945)556-6022
384,"Perez, Schaefer and Erickson Electronics",686 Hernandez Green Suite 514,North Timothyton,NM,32205,+1-664-159-7647x3125
385,Mcclain-White Electronics,653 Michelle Radial,North Jennifermouth,OR,07956,001-484-326-5389x2825
386,Hampton and Sons Electronics,496 Lee Extensions,Troyfort,MD,10239,001-486-394-7588x767
387,Davis-Rodriguez Electronics,031 Brandon Neck,New Rhondaberg,NJ,40822,(106)933-9967x92994
388,Obrien-Ward Electronics,11044 Rose River Apt. 048,New Luis,HI,61027,+1-471-604-2890x5849
389,"Jennings, Myers and Levine Electronics",745 Dylan Lock Suite 372,Kathytown,CA,04182,8807473095
390,Smith PLC Electronics,71220 Carrie Islands,East Graceside,AZ,73776,+1-626-706-8672
391,Rivera-Jones Electronics,9910 Walker Unions,West Davidhaven,OR,79922,001-253-793-5189x89278
392,"Merritt, Krueger and Harrison Electronics",600 Brian Lodge Apt. 034,North Kennethtown,SC,68559,001-058-743-6237
393,Ward-Murillo Electronics,6075 Karina Lake Apt. 751,East Jason,NM,17782,(987)892-2276
394,Mendoza Inc Electronics,7783 Gibson Crossroad,Simpsonville,MD,81622,(158)253-1398x5452
395,Miller-Raymond Electronics,661 Benjamin Gardens,New Stevenshire,DE,60590,+1-899-972-7211
396,"Gutierrez, Lewis and Miller Electronics",88835 Belinda Union,Blankenshipfurt,OK,49507,(453)632-7278x83447
397,"Wall, Wood and Roberts Electronics",007 Jordan Spurs Apt. 055,New Laurenport,NM,15970,955.237.6673
398,Carroll and Sons Electronics,1697 Hernandez Haven Suite 811,East John,MO,61063,367-590-5975
399,Skinner-Boyd Electronics,6161 Watkins Mall,West Denisetown,CT,22519,7373949166
400,Harris and Sons Electronics,83659 Debra Walk Suite 540,West Megantown,GA,52821,+1-884-653-4856x596
401,Bailey and Sons Electronics,566 Kirk Junction Suite 306,New Loriberg,HI,72573,263-880-2018
402,Brown-Reyes Electronics,673 Thomas Ways,Jamesberg,FL,43390,810.167.9246x3015
403,Ross PLC Electronics,4014 Little Pike Apt. 265,North Brandon,IL,46392,175-432-6898
404,Thomas PLC Electronics,4146 Bentley Crest Suite 144,Smithport,CA,45080,322.096.9237
405,Thompson-Davis Electronics,01075 Alexis Inlet,Port Jonathanfurt,NM,75606,658-015-1986x054
406,"Melton, Stanton and Ortiz Electronics",496 Garrett Springs,Omarmouth,OH,56250,+1-854-900-0969
407,Vega-Wheeler Electronics,39007 Taylor Turnpike,North Tom,NC,32861,542.597.2651
408,Kidd-Horton Electronics,027 Melissa Street Suite 350,West David,DC,54460,787.011.3466x1566
409,Williams LLC Electronics,03214 Edwards Ferry Apt. 840,Woodside,VA,02752,+1-725-372-2315x66251
410,Hanna-Hernandez Electronics,9451 Abigail Skyway Suite 522,Port Michaelland,OK,33620,(027)108-1554
411,Davis-Lewis Electronics,3886 Richard Curve,Christopherfurt,SD,48047,+1-246-414-3379x5119
412,Tate-Edwards Electronics,10036 Michelle Meadow,Youngmouth,WV,15374,(800)609-1547
413,"Melendez, Bryant and Miller Electronics",078 Ferrell Highway Apt. 290,South Elizabethmouth,HI,67219,001-279-908-3634x848
414,"Carr, Combs and Stone Electronics",9459 Johnson Trail,Port Lynnport,NJ,58168,+1-222-412-0024
415,"Jackson, Collins and Watkins Electronics",4751 Darius Fork Suite 002,North Brianfurt,PA,39920,001-053-902-4237x86910
416,"Lawrence, Wilson and Kim Electronics",59577 Audrey Cliffs Suite 095,East Tara,SC,97526,001-281-494-6869x61694
417,Davis-Quinn Electronics,225 Wilson Estates Suite 009,Brandonton,CO,30065,142-567-8118
418,Bell-Bentley Electronics,05373 Miller Row,Gillborough,NC,77395,584.281.8093x70263
419,"Campbell, Shelton and Perez Electronics",504 Joseph Lodge Apt. 725,Port April,HI,34856,001-912-027-0698x82382
420,Bean Inc Electronics,07300 Teresa Lake Apt. 728,New Brianastad,NC,84533,(972)052-6413x7389
421,Powell-Perez Electronics,4249 David Creek Suite 868,Aaronstad,NJ,22230,341-098-8820x82520
422,"Garcia, Carter and Drake Electronics",4534 Duran Ports,West Michaeltown,IN,03749,(192)232-5780
423,Morris-Moss Electronics,601 Matthew Lights Suite 992,Matthewport,ND,59305,+1-777-646-3641x9642
424,"Moran, Adams and Adams Electronics",0536 David Springs,Fergusonbury,UT,65380,053.875.8200x919
425,Ortiz Ltd Electronics,09697 Fox Avenue Suite 436,Amandamouth,NY,94795,626.607.6148
426,Kelly Group Electronics,304 Decker Lodge Apt. 579,Frankton,ND,75164,255-351-8618x6201
427,"Hall, Reid and Wu Electronics",24776 Brandi Junctions,Campbellton,ND,85675,+1-531-781-8443x53810
428,"Flynn, Ballard and Morris Electronics",241 Leonard Mews Apt. 421,Port Kaylafurt,OR,31403,330-194-5642x917
429,"Bailey, Parker and Fuentes Electronics",8334 Sparks Place,Wolfeberg,IA,46382,(688)159-8081x95535
430,Whitaker-Daniels Electronics,609 Carroll Hill Suite 947,Christyfurt,VA,38681,(149)820-9828x2308
431,"Moore, Cruz and Johnson Electronics",10961 Kelly Alley Apt. 995,West Laura,WI,88948,0590868548
432,Johnston-Phillips Electronics,60168 Heather Brook Apt. 312,South Michael,RI,96051,+1-358-306-4861
433,Robinson Group Electronics,8168 Jill Pine Suite 075,Rollinsstad,CA,41128,(059)353-6329x55655
434,"Craig, Lopez and Gonzalez Electronics",55161 Choi Pine Apt. 614,North Karla,GA,18666,+1-779-771-1812x5050
435,Baker-Garcia Electronics,0521 Sexton Roads,North Frank,DE,86444,602-494-1368
436,"Coleman, Duncan and Becker Electronics",289 Dunn Summit Suite 825,South Juanmouth,NY,19808,838-558-3644
437,Jordan-Meadows Electronics,804 Olson Fort,New Stevenberg,OH,95610,(653)996-9136
438,"Griffith, Farrell and Mcdonald Electronics",29485 Richard Shore Apt. 641,South Gregorymouth,GA,93309,001-433-538-6034x450
439,Maynard PLC Electronics,39640 Mccoy Valleys,Lake Ryan,DE,05123,6298008482
440,"Little, Butler and Lamb Electronics",95423 Ward Island Suite 129,Myersburgh,NM,10469,661-321-9208
441,Swanson-Mueller Electronics,799 Nicholas Plains Suite 811,North Kevin,DE,25214,090-966-3736x459
442,Ramirez-Gutierrez Electronics,60199 Kelsey Divide,North Juanborough,IL,48552,662.786.1717x1673
443,"Conner, May and Blair Electronics",436 Henry Prairie Apt. 221,East Ericaland,IA,70868,199.453.7356
444,Jackson Inc Electronics,083 Joel Mountain Suite 571,Traceymouth,MS,16262,(480)284-1291x35365
445,Larson LLC Electronics,81696 Davis Rest Apt. 929,New Gregory,VA,30319,274.925.4841x672
446,Hall-Doyle Electronics,04697 Sandy Views,Pattonview,NY,32875,2417721441
447,"Johnson, Bush and Brennan Electronics",2003 Adams Grove,Parkershire,PA,46230,001-415-566-5165x26442
448,"Hunt, Clark and Carter Electronics",2763 Mendez Motorway Apt. 223,Catherineside,ND,62364,149.577.0724x12440
449,Ramirez LLC Electronics,081 Holmes Field Suite 858,West Dennisberg,CA,58117,(172)474-1535
450,Pacheco-Richardson Electronics,99574 Samantha Islands,Zavalaville,VA,98186,+1-471-543-0263x410
451,Adams Group Electronics,4410 Walker Estates,Port Jennifer,SD,30657,+1-222-355-5331x52866
452,Jones Inc Electronics,5571 Rose Run Suite 847,Marshallchester,ND,73192,276-783-0566x9158
453,Munoz-Carlson Electronics,6370 Carrie Park,Lake Jamesberg,CT,73564,168.403.0015x5940
454,Cannon Group Electronics,156 Denise Cliffs,South Emily,MA,61038,9993276687
455,Ramos-Allen Electronics,1983 Ann Islands Apt. 965,New Cameron,SC,04098,989.504.9994x7362
456,"Delacruz, Hill and Flores Electronics",19503 Brandon Estate Apt. 844,New Annhaven,IN,04862,745.629.0507x219
457,Pittman Inc Electronics,9136 Susan Skyway,Romeroville,GA,57376,602.171.0304x7792
458,"Conner, Hansen and Wilson Electronics",536 Moreno Overpass,Sheltonberg,NE,85422,(974)512-0873
459,"Patel, Kelly and Roberts Electronics",68910 Dixon Mountain Suite 957,New Stephanie,KY,24814,+1-816-566-5523
460,"Morris, Walton and Ali Electronics",5910 Kelly Parkways Apt. 760,Joneschester,NY,48202,(903)569-6021x0033
461,Taylor Ltd Electronics,9533 Stewart Club Suite 888,East Taraburgh,MT,16444,3183750184
462,Gonzalez Inc Electronics,630 Meyer Fields Suite 230,Port Jenniferchester,MN,36833,730-354-4634x53268
463,"Murphy, Manning and Romero Electronics",5722 John Stravenue Suite 885,Ellishaven,MD,12557,418-566-0294x50851
464,"Gonzalez, Lewis and Carrillo Electronics",266 Stephen Forest,Donaldville,VT,94020,(689)168-4163
465,"Jensen, Hebert and Travis Electronics",88427 Bruce Garden,New Andreaburgh,NH,02086,570-509-7580
466,Turner and Sons Electronics,18843 Jeremy Square Apt. 078,Lake Penny,AL,87303,001-074-300-0087x4369
467,"Martinez, Smith and Alvarado Electronics",543 Walker Curve,Lake Christinaburgh,OH,26203,9163178712
468,Davis Ltd Electronics,1069 Jones Hill Apt. 328,South Tinaton,CT,71281,320.590.7999x0331
469,Dunn-Fleming Electronics,45906 Jordan Stravenue,South Ronald,MO,04021,619-393-8619x1598
470,"Wright, Harris and Baker Electronics",905 Craig Run,South Joshua,WY,45475,084.496.6423
471,"Thomas, Casey and Cook Electronics",800 Julie Hills,Patricialand,MO,44663,001-582-905-5498x93705
472,Boyd-Hill Electronics,86587 Collins Club Apt. 263,Shawland,MS,18075,001-796-410-7025
473,"Hancock, Nelson and Chase Electronics",03132 Janet Dale,Port Amanda,KY,54758,+1-804-813-0143x0588
474,Wagner-Frank Electronics,8924 Yang Overpass,South Tinatown,DC,60637,881-412-3321x07843
475,"Bright, Burgess and Ware Electronics",32033 Garner Ford,Lucashaven,CT,40796,(149)364-2708
476,Christensen-Wiggins Electronics,3462 Stewart Walks,Port Stevenburgh,NM,68187,+1-056-108-2238
477,"Harper, Salazar and Barrett Electronics",66885 Gutierrez Drive Suite 188,Christopherville,LA,67081,9182438084
478,"Hall, Hill and Pierce Electronics",291 Ronald Loaf,Hannaton,NJ,33630,078-457-2385x453
479,Small PLC Electronics,7931 Miller Meadows Suite 833,North Tina,OH,26361,490-865-8868
480,"Berger, Zamora and Anderson Electronics",395 Rebecca Club,North Rachel,SC,19380,001-563-942-2341
481,Tucker-Kaufman Electronics,952 Sean Prairie,Lake Christopherfort,NY,26687,+1-394-552-6352x712
482,Franco-Clarke Electronics,42222 Joseph Green Suite 328,Toddtown,MN,65826,6571733764
483,Lee-Mosley Electronics,9867 Hawkins Brooks Suite 209,North Jeffreyshire,HI,57173,001-963-318-6290x9223
484,Solis Ltd Electronics,5295 Cody Course,New Robert,ME,58996,001-717-812-8770
485,Garcia PLC Electronics,770 Martinez Centers Apt. 083,Fowlershire,OR,85003,686.220.1841
486,Clark Group Electronics,2364 Gallegos Mountains,Riverashire,KS,27067,9973917840
487,Adams-Johnson Electronics,685 Kathleen Harbors,East Tanya,OK,90091,597.305.6257x6361
488,Blackwell-Peters Electronics,6623 Jarvis Park,Trujilloside,AR,88544,001-123-950-2659x2981
489,"Nunez, Smith and Lopez Electronics",8159 Diaz Locks Apt. 857,Caldwellchester,NM,50002,779.230.4933x9914
490,Matthews LLC Electronics,91507 Mason Extension Suite 550,Brownhaven,VT,50747,(692)436-3412x10844
491,Mccormick Group Electronics,8403 Wolfe Oval,Barberchester,KS,51413,+1-804-997-3093
492,Douglas-Duncan Electronics,92070 Aaron Causeway Suite 828,Lake Johntown,TN,58595,(671)942-1427
493,Macias-Griffin Electronics,94309 Kevin Valleys,South John,MO,80053,3518165825
494,Stephens LLC Electronics,89390 Stokes Harbors Suite 047,West Amyberg,VT,28952,+1-159-290-1459x31940
495,Velasquez-Mullins Electronics,95885 Hines Alley Apt. 041,Kellyton,OK,48189,668.849.3624
496,Moore and Sons Electronics,714 Carol Shoals Apt. 117,Jennifermouth,ND,60722,196.296.2210x03149
497,"Krause, Fitzgerald and Douglas Electronics",27249 Nolan Walks,Port Miguelhaven,HI,63373,(076)770-4935x1469
498,Rodriguez-Watson Electronics,5273 Edwin Mountains,North Carolyn,WV,68810,9198475419
499,Todd and Sons Electronics,201 Briana Stream Apt. 371,Jakeville,TX,74751,944.263.8664
500,Moyer-Hardy Electronics,90021 Flores Junctions Suite 261,Mariaview,AK,43068,(540)587-0123x481
501,"Dunn, West and Calderon Electronics",0029 Fisher Road Apt. 871,Evansbury,SD,26248,513-199-7201
502,Bradford-Miller Electronics,07142 Ashley Forges,North Cynthia,SC,55119,581-272-8272x44786
503,Mercer PLC Electronics,649 Flowers Mills,Robertaland,DC,74357,(991)808-7894x7839
504,Hall-Henderson Electronics,568 Rogers Estate Apt. 446,Jacobburgh,IN,70337,009.333.5548x92970
505,"Davis, Cameron and Sullivan Electronics",0618 Sandra Centers,Tristanton,CA,25804,760.752.1019x631
506,Hall-Allen Electronics,228 Kim Trail Apt. 850,Port Christian,WI,23119,6497767181
507,"Ponce, Cooper and Smith Electronics",3210 Caitlin Mountains Apt. 040,West Ronald,UT,69534,7646279556
508,Munoz-Johnson Electronics,35442 Murray Pines,South Patrickborough,AZ,14866,116.735.9645x5996
509,"Hill, Lawrence and James Electronics",007 Shannon Loop,East Justin,PA,20202,001-933-956-9233x439
510,Torres-Smith Electronics,10102 Garcia Court,Lake David,IA,44508,(361)199-8898x672
511,"Nguyen, Figueroa and Ayala Electronics",769 Mcfarland Throughway,Colinfort,MI,63317,(546)501-0390x70230
512,"Horton, Ellis and Price Electronics",0894 Gould Shoal,South Andrew,ND,52272,848-077-0498x807
513,"Hoffman, Perez and Evans Electronics",200 Teresa Highway,Petersonfurt,NV,91911,8972109243
514,Burnett-Walters Electronics,8063 Mario Prairie Suite 978,New Claudia,CO,16496,(233)667-4988x903
515,"Campbell, Meyers and Mccarty Electronics",02535 Jones Way,New Karen,HI,12571,865.441.8393
516,Farmer Ltd Electronics,13753 Smith Valley Suite 145,West Paulbury,TN,31250,001-596-470-3359x99848
517,Zuniga-Armstrong Electronics,77349 Chase Parkways,Stevenshaven,NH,56535,001-060-959-5195
518,Benson Group Electronics,158 Sharp Vista,South Robertmouth,IN,37944,524.548.6707x55558
519,Carter Group Electronics,822 Wright Plains Apt. 336,Adamsfort,WA,72241,(008)257-1909x7227
520,Hatfield Group Electronics,4678 Kevin Ford Apt. 908,Myersborough,AL,72190,(484)411-5893
521,Lam Group Electronics,8729 Corey Corners,Tapiabury,CT,74051,021.843.8848x49252
522,Hatfield-Hayes Electronics,2276 Ross Fall,Lake Samanthaberg,GA,83506,(344)438-4060x117
523,"Scott, Oliver and Smith Electronics",42915 Emily Spurs Suite 686,West Jonathan,IL,69460,987-439-3256x7909
524,"Williams, Morris and Bryant Electronics",2051 Mason Villages,Port Daniel,SC,48282,+1-000-148-8553x282
525,"Schultz, Hampton and Roberts Electronics",198 Harris Estates,Whiteburgh,MN,24478,(442)009-8715x8251
526,Lopez and Sons Electronics,130 Hernandez Hollow Suite 703,Whitebury,OK,10091,(302)165-7439x0823
527,Flynn Inc Electronics,119 Lane Street,South Scottburgh,MO,87139,001-500-359-8787x95186
528,"Stewart, Brown and Smith Electronics",126 Cameron Inlet Suite 156,Crystalshire,SC,32812,0422857279
529,Richardson Ltd Electronics,733 Michael Passage,Lake Tina,VT,75332,657.649.0512x399
530,Juarez Inc Electronics,2008 Perry Gateway Suite 719,Danielland,WY,97789,016-023-0401
531,"Bradley, Young and Smith Electronics",48555 Angela Valley Suite 627,Jacobberg,SC,30457,656-489-8837
532,Day Inc Electronics,703 Sullivan Hills,Port Rebecca,NM,09847,(059)240-7419x99130
533,Ramos and Sons Electronics,334 Mcdowell Crossing Suite 467,Clarkburgh,GA,76822,9390466135
534,Roman Inc Electronics,089 Wesley Mills,Leahborough,MA,78000,095.774.0512x4144
535,"Roberts, Aguirre and Short Electronics",73847 Jacqueline Extensions,West Christine,WA,32599,757.064.7001
536,"Moore, Diaz and Graham Electronics",630 Sheila Plains Suite 792,Lopezstad,OR,72254,+1-401-734-4638x98603
537,Williams Ltd Electronics,28400 Claire Prairie,East Leahbury,NM,86074,(459)096-9983
538,"Ware, Martinez and Peterson Electronics",5344 Samantha Junctions Apt. 356,Sherrychester,OR,90863,001-381-821-1075x791
539,"Alexander, Allen and Drake Electronics",38379 Harris Lights Suite 867,Port Jenniferfort,DC,04242,4106390884
540,Hernandez Group Electronics,0462 Tara Grove,East Courtneyland,GA,28004,+1-067-009-7269x6920
541,Fields-Hall Electronics,878 Amber Mountain,Vasquezland,OH,85975,001-889-674-6496
542,Leon-Peterson Electronics,28470 Gutierrez Course Suite 476,Lake Patrickbury,MA,02412,+1-622-656-7441x5358
543,Lee-Gallagher Electronics,92945 Mullins Court Suite 166,Nicolemouth,UT,52824,265-297-2966x85386
544,Rogers-Duncan Electronics,522 Zachary Well,North Jill,IN,14840,(628)481-3153
545,Perez-Roman Electronics,71408 Irwin Ports,Terriland,ID,17211,779-664-3529
546,"Donovan, Murray and Logan Electronics",4735 Mathews Summit Apt. 109,West Steve,CO,55991,001-746-025-6932
547,Farrell LLC Electronics,14506 Hall Key Apt. 640,Lishire,WI,73768,(319)793-7174x64854
548,"Bolton, Weaver and Hall Electronics",6124 Smith Circles,Port Jenniferville,VA,98990,001-205-988-8146
549,Dominguez PLC Electronics,9953 Dean Flats Apt. 381,Jonesside,IL,23440,884.245.2295x046
550,Sanders LLC Electronics,469 Fields Springs Apt. 255,West Nicoleside,WI,97485,984-564-1531
551,Murphy and Sons Electronics,832 Barton Tunnel Suite 462,Joshuatown,AK,13723,796.509.6118x0425
552,Ruiz and Sons Electronics,92299 Wendy Mountain Apt. 058,Leeland,SC,78170,(211)377-6206
553,Ford PLC Electronics,8565 Juan Extension,North Tanner,HI,74585,+1-541-227-7119x3939
554,Cox-Watson Electronics,89549 Park Field Apt. 599,East Marystad,LA,38816,+1-951-443-7798x18946
555,"Peters, Barrera and Powell Electronics",1961 Mills Ville,Port Debraborough,ME,70879,001-958-153-0741x92180
556,Phillips Group Electronics,134 Hernandez Islands Suite 818,West Danielmouth,AZ,79423,447-746-5144
557,Davidson-Martinez Electronics,931 Edward Plains,Alexandertown,DC,20596,325-467-6166x12653
558,Warner LLC Electronics,4531 Holly Causeway,Perryport,NM,82345,920.247.2576x80290
559,Wilson-Mitchell Electronics,1009 Seth Vista Apt. 094,North Aaronton,TX,29047,(866)342-6371x32283
560,Hodge-Miller Electronics,79014 Shaw View,North Eugene,CT,72767,3828114433
561,Vincent Inc Electronics,2679 Graham Haven Apt. 009,New Jimmy,SC,29342,663-975-5142x35356
562,Meyer Group Electronics,30511 Billy Route Apt. 810,Angelaberg,AL,71392,3343415177
563,Flynn-Walker Electronics,04648 Wall Cliffs Apt. 989,West Jacobview,MI,45344,341.498.7631x5329
564,Horton and Sons Electronics,10270 Holmes Bridge Apt. 959,West Frankview,AZ,02132,2096306407
565,"Humphrey, Barnett and Dawson Electronics",3900 Jeffrey Springs,South Dianaland,WA,03894,001-496-586-8841
566,Owens-Nelson Electronics,1028 Raymond Tunnel Apt. 278,Butlerstad,NC,30746,001-104-764-1700x1385
567,Wright and Sons Electronics,550 Anderson Bypass Apt. 721,Jonesmouth,MN,98844,001-671-693-6921x711
568,Love Group Electronics,938 Johnson Overpass,Mcculloughmouth,ND,71547,(616)881-6490x8359
569,"Allison, Bentley and Hernandez Electronics",1917 Charles Inlet,South Raymondstad,OH,82633,479-202-3851x3374
570,Harris Ltd Electronics,874 Joshua Flat,Brianmouth,HI,07156,911-786-7047
571,Hodges-Hahn Electronics,5975 Taylor Squares,Kimberlychester,CT,28183,001-694-609-4901
572,Dougherty PLC Electronics,91100 Banks Corner Apt. 464,Donaldchester,IA,62225,921.021.1035
573,"Jones, Harris and Jackson Electronics",48934 Steele Common Suite 184,South Tiffanyport,OK,03189,001-526-074-9785
574,Nelson-Riddle Electronics,5055 Thompson Mission Suite 727,Hollandberg,MS,10401,(902)400-0910x3724
575,"Henderson, Parks and Burnett Electronics",8335 York Ridge Suite 849,Nicolefurt,MT,17447,995-210-0575x3522
576,"Romero, Wagner and Pierce Electronics",242 Nelson Plains,Grayside,OH,74469,512-594-9844
577,Miller PLC Electronics,429 Harding Knolls,Donaldton,NE,80133,607-510-2635x19812
578,"Turner, Smith and Haynes Electronics",9404 White Ridge,Barrshire,WV,01385,+1-858-782-7064x16345
579,Dickerson-Rodriguez Electronics,7441 Allen Road,North Caitlin,NJ,27757,001-921-428-8353
580,Gray-Gonzalez Electronics,1091 Byrd Islands Apt. 199,New Marvin,NM,52475,944.887.6219x9385
581,"Kelly, Young and Vargas Electronics",06805 Jimenez Trafficway Apt. 341,Aprilville,LA,86153,785.883.6568
582,"Cox, White and Mitchell Electronics",32382 Edwards Alley,East Lindsey,DE,13405,001-295-189-9972
583,Williams-Martin Electronics,99075 Lisa Plains,Nataliebury,LA,71634,(416)979-6358
584,Romero Inc Electronics,7860 Taylor Lane Suite 326,Stephanieshire,AR,14531,3650443781
585,Carter PLC Electronics,480 Velazquez Parks,East Erinburgh,WA,35984,828.221.0492x599
586,Black-Snyder Electronics,164 Cuevas Forges,Williamsberg,MA,88578,(708)106-4079
587,"Clark, Jenkins and Brown Electronics",25993 Joseph Union,Parkland,IA,99179,001-709-604-5936
588,Ryan Inc Electronics,859 Colin Station Apt. 521,South Robert,KS,06305,969.968.7824x859
589,Hart-Montgomery Electronics,838 Matthew Throughway,Rothmouth,UT,47052,(892)590-0137
590,"Smith, Grant and Stafford Electronics",08953 Margaret Mission,North Scott,IA,09745,4926706164
591,Clark Group Electronics,341 Melinda Vista Suite 839,Lake Derek,VT,45324,635.894.5947
592,Silva Inc Electronics,40522 Lisa Haven,Port Amber,IN,39985,001-908-790-8658
593,"Cook, Jennings and James Electronics",0146 Martin Rue Suite 305,Danielport,DE,78325,+1-930-804-4051x2514
594,"Young, Bowman and Cox Electronics",751 Fernando Locks Apt. 832,Michaelstad,SC,84976,+1-667-930-0250x82474
595,Bell Group Electronics,867 Wanda Crescent,Port Elizabeth,TX,45861,907-451-7377x33868
596,Buchanan and Sons Electronics,3597 Cynthia Knolls Apt. 790,North Michael,WA,25868,001-339-866-7697x099
597,Martinez Group Electronics,466 Jeffrey Point Suite 450,Stevensshire,NV,21121,(889)300-4218
598,Brooks-Aguirre Electronics,0547 Brittany Highway,Fowlertown,NY,29871,(473)631-7512x552
599,Johnson-Campbell Electronics,314 William Point,Shannonchester,NJ,78530,(280)259-2788x3777
600,Soto-Smith Electronics,4063 Joseph Mill,New Laurenshire,KS,09793,152-984-2166x565
601,Rogers-Garcia Electronics,11836 Perez Lock,Zacharyhaven,AK,75229,(334)829-2136x46634
602,"Rice, Barnes and Ramsey Electronics",0789 Scott Terrace,Baldwinmouth,DE,93007,+1-995-570-9812x174
603,Gillespie-Davis Electronics,9374 Good Lakes,Andradeborough,MS,05586,+1-366-966-1738
604,Nelson and Sons Electronics,33815 Mark Lodge,North Thomas,WI,24779,(297)029-4469x7799
605,Olson-Perez Electronics,3390 Shawn Square Apt. 463,Crawfordshire,TN,08809,001-283-899-6546x47705
606,"Harrison, Hanson and George Electronics",7809 John Creek Apt. 942,West Leon,CA,77386,+1-246-824-7223
607,"Odom, Dunlap and Vargas Electronics",963 Clayton Lodge Suite 665,Lake Todd,AL,13179,7105014144
608,Coleman-Gamble Electronics,523 Stein Track Apt. 209,Hallside,RI,65858,1647711625
609,Watts-Bowen Electronics,386 Lee Lake Apt. 738,Lake Donald,AR,59082,001-704-334-4090
610,"Robinson, Jones and Brooks Electronics",055 Reyes Rapids,Stewartmouth,DC,91553,389.253.5746x2219
611,"Mejia, Williams and Flores Electronics",124 Buchanan Prairie,Port Cynthia,KS,79310,+1-916-873-8547x748
612,Lopez PLC Electronics,5013 Ashlee Plaza,New Reginatown,NY,47035,001-451-174-8097x12056
613,Harrison-Potts Electronics,34115 Scott Cliff Apt. 632,Drakemouth,IA,46480,(682)882-4413
614,Nichols-Marshall Electronics,779 Williams Alley Suite 459,Johnnybury,AR,28505,067-208-7760x9892
615,Silva-Mcintyre Electronics,3140 Williams Walks,Torresburgh,AR,41862,+1-415-417-7774x1283
616,"Thomas, Adams and Garcia Electronics",107 Shane Shoal,East Kaitlyn,OH,90991,(914)607-8580x3084
617,"Rice, Armstrong and Vance Electronics",403 Hayes Light,New Christineburgh,MT,43683,087-192-6777x74076
618,"Brooks, Cohen and Soto Electronics",0665 Micheal Underpass Apt. 736,North Maria,MN,18926,3031965837
619,"Norris, Henderson and Howard Electronics",7033 Pierce Vista,Bethfurt,OK,76677,549-044-8692
620,Tucker LLC Electronics,812 Moore Cape,East Philipberg,NC,59395,+1-152-558-9948
621,Thomas PLC Electronics,49030 Nicole Avenue Suite 147,Lake David,NY,46362,001-106-366-7752
622,Jones PLC Electronics,4685 Travis Village Suite 935,Caitlyntown,SD,99767,560.666.2440x804
623,"Thomas, Mcfarland and Vega Electronics",701 Ashley Extension,Lake Ericaville,SC,97684,432.424.5608
624,Smith LLC Electronics,30513 Laurie Rapid Apt. 738,Haydenview,TX,20169,924-250-0482x28266
625,Mercado Ltd Electronics,6822 Jennings Summit,Mendezhaven,MA,42184,971.378.6295
626,Silva-Hall Electronics,0611 Eric Point,West Johnfort,KY,62398,+1-629-360-3926x4984
627,Gonzalez-Landry Electronics,1124 Hanson Groves Suite 722,Schultzton,CO,00900,+1-274-689-8267x9025
628,Gomez Ltd Electronics,0564 Whitney Brooks,East Daniel,NH,81663,(755)601-7503
629,Long-James Electronics,17683 Jackson Lane,West Ivan,NY,94552,+1-681-202-2655x8919
630,Jackson PLC Electronics,5414 Pearson Brooks Suite 153,Lake Leslie,WI,23685,(546)971-3248
631,West PLC Electronics,6069 Ashley Extensions Apt. 688,Jennifertown,CA,26582,(697)028-8450x352
632,Mueller Group Electronics,54851 Raymond Rue,North Isaacshire,IN,32620,895-305-1044
633,"Daniels, Baker and Brown Electronics",845 Keller Ridge Apt. 981,Jeremyville,CT,59246,+1-723-725-0206
634,Allen Inc Electronics,972 Johnson Estates Suite 671,Reedtown,WY,80107,(400)304-4016x18734
635,Meyer-Hart Electronics,7067 Shaw Forks Suite 625,Port Kathleenmouth,WY,28265,822.560.2217x81370
636,Chambers-Vargas Electronics,103 Calhoun Lights,Lake Travis,UT,32208,604-468-0286x189
637,Strickland-Wagner Electronics,4507 Cindy Trace,Port Sabrina,VT,50401,(422)315-8377x5099
638,"Nelson, Rollins and Ramirez Electronics",10492 Robertson Extension Apt. 228,Kristenland,AR,06133,0710977314
639,Martinez Inc Electronics,62213 Vazquez Drives,Port George,WI,69409,(959)424-7695x59865
640,Simon and Sons Electronics,118 Watts Street Apt. 813,Villaside,DE,42623,(902)817-2617x09407
641,"Phillips, Simmons and Nguyen Electronics",9636 Jill Valleys Suite 125,New David,TX,30448,001-377-959-3153
642,"Wolfe, Garza and Miller Electronics",020 Byrd Course,Molinachester,AK,54877,328.502.7102x2858
643,Martinez-Carney Electronics,717 Todd Alley,Austinville,NJ,77057,560-787-5647x05016
644,"Thompson, Jennings and Francis Electronics",7798 Perry Ways Apt. 342,Lake Jamie,CO,18124,391-243-4572
645,Howard-Brown Electronics,9375 Susan Way,Jameshaven,ND,40943,001-793-782-0543x78735
646,Hobbs LLC Electronics,7601 Peterson Mountains,North Benjamin,MT,11376,+1-253-551-6495
647,"Shaw, Allen and Peterson Electronics",5009 Sally Fords,South Charlottefort,CT,34244,011.159.8780
648,Jackson-Clark Electronics,945 Kaitlin Wall,New Louisstad,SD,85777,573.784.8796
649,Richard PLC Electronics,7456 Miller Stream Apt. 620,Sethburgh,MO,91715,935-310-9743x8522
650,Stanley-Lewis Electronics,3319 Robert Parks Apt. 480,New Larry,VT,20473,001-252-544-2123
651,Hendrix-Campbell Electronics,8250 Ryan Springs,Jackshire,DE,64896,361.321.5375
652,Gates-Snyder Electronics,07673 Amanda Unions,Kevinfurt,RI,21124,+1-098-291-2840x6751
653,"Munoz, Roman and Lopez Electronics",744 Joseph Orchard,Gardnerburgh,MS,30921,(624)146-0733
654,Carter-Reyes Electronics,94647 Matthew Summit Apt. 957,Whitakerburgh,DC,36684,6879828900
655,Ross-Lowe Electronics,61357 Phillips Orchard Suite 249,North Ronaldchester,CO,49072,+1-039-350-5529
656,Gutierrez-Mcbride Electronics,73460 Anderson Drive,West Tiffanyfort,AL,18191,3234096584
657,Jones-May Electronics,247 Coffey Overpass Suite 019,Mccartybury,KS,63260,914-769-7387x090
658,Meza Group Electronics,2144 Amy Greens,Tatebury,UT,55167,001-321-680-1446x492
659,Wilkerson PLC Electronics,712 Wood Corner Apt. 999,Danielsstad,PA,85174,001-781-126-9901x711
660,Pham Ltd Electronics,0129 Jason Locks,Marvinmouth,UT,87224,057-494-9314x02904
661,"Jackson, Garcia and Peters Electronics",98684 Foster Manors Suite 763,Ritterhaven,MN,65968,(873)496-1855x41134
662,Downs Ltd Electronics,6476 Carter Trafficway,New Kelly,CA,40083,548-696-5040x31708
663,Holt Ltd Electronics,6995 Kelly Mission Apt. 607,Patrickside,TX,63660,001-653-181-8738
664,"Jones, Strong and King Electronics",5810 Carlos Radial,North Tommyborough,DC,55464,+1-575-573-1293x6689
665,Villanueva-Jones Electronics,7967 Darrell View Apt. 178,South Lorraine,AR,70621,(234)007-8556
666,Jones-Jones Electronics,83774 Williams Road Suite 743,North Alexanderchester,NE,05871,555-042-7535
667,Adams-Moore Electronics,234 Jennifer Gardens,Port Melissahaven,AZ,69839,427-416-4754x175
668,"Hodges, Powell and Smith Electronics",99108 Jacob View,Walkerview,WA,56936,001-510-554-4888x029
669,Smith Inc Electronics,8622 Mitchell Throughway Apt. 343,North Ashleytown,NM,49584,863-202-0884x43607
670,"Cardenas, Jones and Smith Electronics",6519 Marvin Freeway,North Tanyafurt,VT,10991,9047506458
671,Shields Inc Electronics,301 Peters Corner Suite 650,North Alicia,DC,69360,736-057-5414
672,Campbell-Mann Electronics,218 Stewart Mountains,Reyestown,FL,53475,289-094-9770x89523
673,Parks PLC Electronics,2454 Deborah Lakes,Ashleyview,CT,13439,769-747-0513
674,Shah-Gonzales Electronics,97008 Monica Trace,Andrewville,OK,73179,240-211-3573x003
675,Howard-Dunn Electronics,3111 James Hollow Apt. 914,Lauraburgh,SC,74175,136.952.9695x78399
676,Miller-Cole Electronics,0395 Holly Hills Apt. 042,East Melissa,ID,03552,231-339-0269x8484
677,Garrett Inc Electronics,14833 Mary Ramp,Claytonchester,NM,53199,957.596.7273
678,Reeves LLC Electronics,8227 Tamara Streets,Port Samanthafort,OR,73122,001-849-415-1366x8068
679,Russell-Chapman Electronics,0125 Mcdonald Meadows,Kruegertown,FL,73002,+1-994-497-4649x198
680,Kennedy-Johnson Electronics,4701 Samantha Rest Suite 826,North Katherinemouth,MT,53005,195.255.2122
681,Lewis-Mcclain Electronics,07892 Ray Forks,Melissaport,PA,29144,210-379-4516x407
682,"Bailey, Higgins and Mitchell Electronics",785 Danny Loop Apt. 071,Robertstad,ND,77374,225.797.8738
683,"Perkins, Smith and Hill Electronics",002 Gibson Circles,North Tiffanyburgh,RI,61638,+1-121-508-3336x4381
684,Snyder-Snyder Electronics,040 Ashley Ports Apt. 969,Port Edward,UT,16226,097-343-7172
685,Rios-Fowler Electronics,4563 Jeffery Manors Apt. 927,Colonchester,RI,38388,(710)579-3716
686,Owens-Smith Electronics,1579 Catherine Freeway Suite 244,Solisfurt,DE,71633,001-314-670-2531
687,Brown-Rogers Electronics,339 Kathleen Corners Suite 509,North Natalie,NE,35940,(961)216-6333
688,"Harrison, Perkins and Simon Electronics",07041 Christian Dam,New Jayshire,MD,84626,+1-202-474-5140x8601
689,Buck Inc Electronics,956 Stevenson Spur,Jennifermouth,PA,47696,595.232.3591x24991
690,"Reyes, Brooks and Williams Electronics",0396 Amy Oval,South Saraburgh,GA,87846,001-401-674-2078x281
691,Clayton PLC Electronics,047 Dalton Mountains,East Kimberly,ME,67086,519-618-9750x824
692,Taylor-Sandoval Electronics,451 Holden Port Suite 320,North Michael,IA,85781,692-439-0323
693,Holmes and Sons Electronics,11496 Rodriguez Ridge,Lake Christinafort,VT,41023,809-540-6299
694,"Miller, Obrien and Jordan Electronics",751 Wilson Extension Apt. 481,Shelbystad,DC,72470,474-661-3172x32606
695,"Young, Simmons and Fisher Electronics",02874 Vaughn Circles,East Dawn,AR,07913,107.914.0506x32711
696,"Steele, Williams and Wilson Electronics",085 Tiffany Islands,Deanview,LA,23610,+1-937-294-0472x080
697,Payne PLC Electronics,044 Jeremy Ranch,Ramirezbury,UT,36477,393.535.4165x152
698,Robbins Inc Electronics,43317 Bush Plains,Stevenport,AZ,05032,387-438-9150
699,Davis PLC Electronics,111 Marshall Plain,Port Geoffrey,WI,77409,(173)394-3912x6343
700,Vincent-Thompson Electronics,109 Hampton Flat Suite 480,Smithtown,NM,52006,(912)667-7556
701,Lane LLC Electronics,75985 Gregg Alley Suite 429,Lake Dawnfort,MI,84525,3840480695
702,Reynolds-Vargas Electronics,557 Flores Stravenue Apt. 470,Luketon,VT,90506,894.819.3343
703,Roy Inc Electronics,1457 Beck Mountains Suite 234,West Carolland,MT,67368,959.486.3724x548
704,Larsen and Sons Electronics,00843 Marks Path,Alishatown,WY,93547,282.222.6637
705,Burke PLC Electronics,913 Kimberly Estate Suite 747,East Anthonyton,NC,31812,+1-238-260-6794x242
706,"Watkins, Johnson and Patterson Electronics",6598 Livingston Fort,North Tylerborough,DC,77233,0331134996
707,"Osborne, Wolfe and Davis Electronics",822 David Port Apt. 327,New Jose,IA,57614,814.393.1987x595
708,"Hood, Lam and Townsend Electronics",62387 Bennett Extensions,West Meganborough,FL,59839,+1-626-229-4129x620
709,"Patterson, Rice and Allen Electronics",8085 Henry Locks,Port Rayburgh,TN,88403,272-761-5777x8551
710,Greene Group Electronics,2228 Kelly Radial,Benjaminmouth,MA,73025,2237494903
711,"Massey, Waller and Garrison Electronics",316 Phillips Meadow Apt. 125,Frederickshire,KY,76602,001-872-814-4806x1565
712,"Bryant, Harris and Paul Electronics",497 Angela Estate Apt. 302,Christopherville,ND,13627,001-018-190-7224
713,"Lyons, Gardner and Mays Electronics",6072 Cooper Drives Apt. 780,West Nicolas,AL,81370,001-629-377-1044x851
714,Alexander-Hunter Electronics,16910 Jonathan Mountains,Shermanborough,ND,61128,898-778-4169x123
715,Reed-Castillo Electronics,816 Wang Village Suite 844,Wilkinsside,WA,68906,472.755.2610x83122
716,Salinas and Sons Electronics,667 Cindy Trail,Richardville,MA,19445,+1-378-339-4139x39377
717,Phillips PLC Electronics,19542 Danielle Ways Apt. 005,South Jenna,IA,79612,642-955-1370
718,Dawson LLC Electronics,844 Snyder Fields,Emilyside,AL,08679,1185972950
719,Peterson Ltd Electronics,9077 Steven Center,Romeroton,RI,99260,535-714-6918x5322
720,Ball Group Electronics,8545 Ricky Mall Suite 960,Lewishaven,IA,44262,8939267261
721,Payne and Sons Electronics,491 Singh Valley,Jenkinsbury,CT,03750,(803)870-2042
722,Rodriguez-Hartman Electronics,463 Brown Roads,Alexisshire,NJ,55369,737-922-0043x3828
723,"Hunter, Kane and Fox Electronics",79423 Robinson Ways Apt. 747,North Julie,VT,88787,(852)846-9294x820
724,Jones-Alvarez Electronics,00719 Kelly River,Mariabury,NH,31296,+1-169-622-3087x6746
725,George-Smith Electronics,4511 Darius Plains,North Davidport,DE,51262,+1-071-185-6382x09924
726,"Carter, White and Spears Electronics",33124 Eric Path,Murraychester,MD,68241,129-220-0225
727,Torres-Gibson Electronics,39596 Allen Corners Suite 486,Whiteshire,CT,17790,(874)800-3495x59940
728,"Garcia, Pennington and Smith Electronics",0122 Dunn River Suite 114,New Craigburgh,AL,74805,496.647.5320
729,Fuentes LLC Electronics,83604 Donna Field,Mayview,UT,14308,+1-434-021-0723x82339
730,"Lewis, Ramirez and Scott Electronics",289 Romero Cape Apt. 941,East Joshuaville,WV,80646,206.352.4839
731,Lee-Solis Electronics,35867 West Land,Williamborough,IN,95835,290.066.9643x857
732,"Simmons, Ward and Wood Electronics",05726 Cooper Villages Apt. 677,West Thomasshire,OR,15802,(622)814-5871x4919
733,Mathis Group Electronics,24030 Joseph Shoals,Krystalfurt,NE,79561,057.851.6884
734,"Kent, Woods and Goodman Electronics",029 Jose Court,Port Robertbury,OK,10227,(260)675-2006x1394
735,Boyd-Lucas Electronics,74023 Johnson Manors Suite 821,East Brooke,ND,40350,(358)602-9970
736,Castillo-Ruiz Electronics,834 Bird Island,Fergusonshire,HI,61570,576-235-5465
737,"Mclean, Stevenson and Daniels Electronics",635 Phillips Burg Apt. 059,South Alicia,DC,30783,308-174-1640x721
738,Wilson Ltd Electronics,6488 Thomas Highway,Williamsberg,KY,21809,001-512-401-3914
739,Becker and Sons Electronics,84090 Glenn Passage,South Rogershire,ID,68119,826-028-0855x4118
740,"Grimes, Mercado and Mann Electronics",7558 Monica Radial Suite 215,South Brendafurt,RI,68006,719.237.4845
741,Martin-Castaneda Electronics,49670 Lopez Hollow Suite 533,Smithborough,NV,12386,001-824-532-2461x50527
742,Townsend LLC Electronics,1029 Alexandra Rest,Rossborough,MA,84219,+1-296-421-0493x46724
743,Hicks-Brown Electronics,19469 Laurie Motorway,East Taylor,VA,05762,(344)027-0945
744,Cardenas and Sons Electronics,299 Manuel View,New Melissa,CT,44168,413-022-2436x233
745,Avila LLC Electronics,11887 Danny Ferry,Wrightshire,ME,19431,176.672.4340x8855
746,"Castillo, King and Wright Electronics",338 Jones Green,Darleneport,WI,30106,+1-127-549-8116x602
747,"Wagner, Brown and Jackson Electronics",516 Ronald Village,Lucasberg,SC,23805,+1-868-280-4963x98601
748,"Martin, Bautista and Brown Electronics",55071 Nancy Port,Cunninghamport,CO,48492,559-131-6502x17963
749,Taylor LLC Electronics,27787 Clark Way Apt. 766,Port Stephanieshire,MI,44618,+1-356-966-0470x832
750,Doyle-Walton Electronics,2545 Friedman Loaf,East Laura,NM,35591,001-693-852-2858x9825
751,Blake-Fox Electronics,884 Karen Ports Apt. 643,South Stevenville,PA,68842,514.221.5270
752,"Walls, Morrow and Cole Electronics",6582 Faulkner Ports,Port Ashleystad,WA,78898,573.140.0226x6211
753,"Choi, Brooks and Ramos Electronics",4552 John Orchard,Port Ryanland,KY,34299,1330558018
754,Powell LLC Electronics,5333 Reilly Spur Apt. 823,Lake Kathryn,DE,87742,(914)562-0571
755,Webb Group Electronics,92067 Henry Haven,Nancymouth,IL,44714,515-224-0506x5330
756,Collier-Mitchell Electronics,408 Raymond Terrace Apt. 448,Carrollchester,AZ,96864,(852)493-2135x490
757,Lee-Daugherty Electronics,740 Mendoza Mountains Suite 537,New Scottport,UT,14573,+1-702-836-2987x47193
758,Deleon Group Electronics,922 Cruz Creek,North Melissa,OK,68350,038.462.5465
759,Cunningham-Bernard Electronics,64363 Kirk Trail,South Dustin,NE,77515,+1-810-318-5942x54945
760,"Patterson, Pacheco and Walton Electronics",4820 Smith Flats,Port Deniseburgh,IN,98320,462-754-3122x2128
761,Alexander LLC Electronics,6111 Lisa Roads Apt. 961,Tylershire,AK,03273,+1-006-044-5963
762,"Nguyen, Phillips and Mata Electronics",194 Young Glens Suite 774,Lake Matthewville,SD,86386,+1-768-689-1204x67044
763,Nelson LLC Electronics,580 Snow Junction,Stephanieburgh,MD,10039,129.203.7494x82450
764,"Marquez, Garcia and Soto Electronics",5826 Anderson Motorway Apt. 726,New Kathleen,ID,77743,119.480.7546
765,Schultz Inc Electronics,817 Melissa Dam Suite 341,Olsonmouth,AZ,62156,001-974-696-2436x15072
766,Blackwell-Mcdonald Electronics,5793 Jared Fords Apt. 133,New Jessicaland,FL,43671,557-461-1433x99925
767,Hess Inc Electronics,71105 Thompson Road Apt. 810,South Angelabury,MA,73397,236.829.8286x090
768,"Tran, Mendez and Logan Electronics",39845 Romero Via Suite 036,South Marktown,UT,98227,612.446.1286
769,"Church, Cameron and Santana Electronics",58746 Kevin Freeway,Gonzalezview,HI,08051,(469)146-0987
770,Smith-Clark Electronics,2347 Martinez Vista Suite 479,East Jefftown,RI,93192,+1-024-588-9776
771,"Davis, Barnes and Martin Electronics",2275 Corey Island Suite 755,Port Shawn,FL,05028,(438)049-7813x7452
772,White-Morrison Electronics,87145 Valerie Roads,Hendricksmouth,MN,84359,427-694-6394
773,"Jones, Brown and Powell Electronics",4828 Perry Island,Raymondstad,KS,47142,453-651-9445
774,Moyer Ltd Electronics,41650 Matthew Greens Apt. 368,North Cheryl,OH,06579,787-812-3279x401
775,Carter-Reese Electronics,601 Kennedy Ville Suite 301,Jenniferview,MI,39737,532.877.4635
776,Cunningham Ltd Electronics,13088 Hammond Crossing,West Kirsten,OK,82072,294-108-7626x3981
777,Parker-Johnson Electronics,129 Tiffany Drives Apt. 179,South Micheleport,OH,12885,272.390.5845
778,Lee PLC Electronics,006 Matthew Fields Suite 117,West Vanessa,PA,35254,261-833-0673x093
779,Brown Group Electronics,8229 Duncan Brooks,Lake Julie,SC,79007,9920186746
780,Davis-Huynh Electronics,254 Cole Corners Suite 141,Olsonhaven,MO,91423,(551)275-0754x8112
781,Krueger-Roberts Electronics,386 Cole Hill Apt. 877,East Michellemouth,AZ,07673,(700)077-6743
782,Mercado Inc Electronics,2275 Dixon Tunnel,Scottborough,VA,13498,819-997-9559
783,"Parker, Patel and Ward Electronics",83331 Stacey Court,Lake Brendaberg,WA,19562,924-322-4193
784,Henson-Rodriguez Electronics,4028 Erickson Trace,East Mitchellchester,NV,61300,579-382-5758x48916
785,Martinez-Escobar Electronics,48699 Latasha Knolls Apt. 214,Anthonyton,SD,71191,648.429.8069x6647
786,Barker and Sons Electronics,7004 Darius Underpass Apt. 877,Lake Annaland,ME,34334,553.108.1474
787,"Melendez, Brown and Phillips Electronics",059 Day Crossroad,Knightview,ND,77598,262.451.9122x8469
788,"Bell, Parker and Brown Electronics",008 Powell Islands,South Nancy,OR,59097,+1-225-840-4503x0005
789,Norman Inc Electronics,662 Campbell Rue,North Keith,ID,64892,8267056426
790,Holmes-Garcia Electronics,114 Rodney Stravenue Apt. 063,Taylorburgh,MI,06458,194.359.1586x04745
791,"Lara, Wilson and Martin Electronics",65417 Joyce Field,North Jerome,VT,44026,684-733-5045
792,"Clark, Johnston and Zamora Electronics",4566 Kevin Street Suite 088,North Nathaniel,AR,92940,(295)869-1130
793,Montgomery and Sons Electronics,922 Reid Shores,Torresmouth,MO,87645,+1-143-838-0150
794,Larson PLC Electronics,8024 Estrada Fields,Lake Brendastad,RI,12121,+1-822-135-1097
795,Horn LLC Electronics,071 Richard Gardens,West Jonathan,RI,08348,366-287-8559x3614
796,"Jones, Schwartz and Patton Electronics",23246 Kelli Street,Wallsfurt,IA,79171,565-350-2742x9951
797,Miller Ltd Electronics,95541 Dylan Bridge,Tracyburgh,ME,13956,+1-526-856-3987x32999
798,"Parker, Holt and Moore Electronics",18289 Mark Viaduct Apt. 337,North Theresa,ME,96797,+1-426-700-1195
799,"Price, Morrison and Mills Electronics",03912 Victoria Summit Apt. 440,East Trevorton,LA,44043,001-332-518-1951
800,Rollins-Hamilton Electronics,183 Dalton Rapid,North Jessefurt,MD,34364,(853)120-8148x74407
801,"Paul, Francis and Floyd Electronics",71898 Michael Lakes Apt. 034,Port Justin,WA,24265,001-100-336-5691x6538
802,Morrow and Sons Electronics,45450 Campbell Shoals Apt. 800,Lake Lisa,PA,21640,849-684-8757x34286
803,"Marks, Grant and Cantu Electronics",90063 Bowen Dam Suite 575,Lake Robertstad,RI,55470,8733331942
804,Becker-Wilson Electronics,971 Brandon Islands,Matthewchester,NC,19739,726.823.3287x79328
805,Lawson-Moses Electronics,3310 Farmer Summit,Phillipsfurt,OK,22978,001-066-503-7435x249
806,"Cox, Reeves and Powell Electronics",658 Simmons Vista,East Paulaside,WA,71144,+1-457-342-1954
807,Turner-Brown Electronics,565 John Flats,Donaldmouth,TX,08968,581-542-6663
808,Hansen Inc Electronics,893 Cheryl Shore Suite 522,East Thomas,NE,91520,(414)743-3800x32777
809,Lewis-Davis Electronics,85174 Murphy Highway,Port Catherine,VT,74732,723.589.0475x2188
810,"Holland, Ortiz and Young Electronics",3712 Nichols Freeway,Port Erica,NC,77179,201-669-4827
811,Bass and Sons Electronics,11042 Russell Points,West Donald,NV,92709,081.223.0508x02528
812,"Bailey, Holloway and Dougherty Electronics",82778 Cody Streets Apt. 386,Smithmouth,NY,45853,001-440-174-2889x2572
813,Miller-Williamson Electronics,37359 Norton Extensions Apt. 122,New Dana,KY,39328,536.454.1193x8509
814,"Kim, Wu and Gamble Electronics",1447 Amanda Port Apt. 288,Michaelshire,IN,58157,0696516936
815,Manning Ltd Electronics,36166 Mallory Glens,Port Kathleen,MO,26883,199-818-8056x527
816,Valdez Ltd Electronics,857 Amanda Station Apt. 057,East Christopher,OR,63416,723.901.0148
817,Moore-Fisher Electronics,0865 Hodge Views,Jacobchester,VA,50103,1328870725
818,"Hall, White and Nelson Electronics",4977 Jackie Junctions Suite 075,West Amanda,TX,99354,+1-171-866-1784x26467
819,"Henry, Mayer and Gonzalez Electronics",047 Hunt Overpass Suite 204,Carrollview,CO,79435,093.273.4882
820,Choi-Smith Electronics,907 Ana Motorway,West Karenland,RI,65914,001-991-519-1212x55596
821,Edwards-Brown Electronics,903 Parker Union,East Yolandaberg,MD,85233,(878)145-2447x2028
822,"Watson, Zhang and Robles Electronics",2977 Audrey Lodge Suite 736,Schmidtfurt,VA,97683,280-713-8921
823,"Thomas, Davila and Smith Electronics",873 Cheryl Lodge Suite 064,Michaelburgh,CT,77540,255.964.1845x997
824,Mata LLC Electronics,145 Maxwell Forge Apt. 296,New Nicoleside,CT,53688,966.123.8258
825,Gordon Inc Electronics,61587 Jason Neck Apt. 211,Lake Rachel,TN,17283,+1-114-584-5977x832
826,Meyers-Smith Electronics,2254 Ibarra Inlet,Huangtown,MO,79422,(408)168-8786
827,Mcguire LLC Electronics,47034 Jesse Lodge Suite 672,East Patriciachester,NV,94305,(543)047-9453
828,"Fowler, Johnson and Brown Electronics",555 Rojas Burg,Smithstad,RI,55114,2457623339
829,Martin-Greene Electronics,07795 Donald Motorway,East Melissa,WV,26612,737-872-9134x522
830,"Jones, Andrews and Lee Electronics",64488 Rebecca Cape Suite 605,Perkinsville,WY,99708,826-179-9443
831,Graham-Moss Electronics,569 Howell Row,Greenside,HI,00922,001-040-670-0762x2211
832,Patterson Ltd Electronics,363 Castro Lodge,Port Clayton,GA,51959,732-661-0757
833,Martinez LLC Electronics,9251 Jonathan Run,North Lisabury,VA,15399,735.688.1247x94017
834,Richmond LLC Electronics,6250 Chelsea Isle Apt. 115,Banksfurt,MT,05812,069-598-1565x01717
835,Mitchell Ltd Electronics,663 Amanda Expressway Suite 413,Anthonyfurt,KY,59453,105-094-4346x51613
836,Perez-Lopez Electronics,91020 Joseph Views,East Autumnstad,OK,82258,(674)479-6727
837,Kelly PLC Electronics,4149 Benson Shore Suite 835,Nathanfort,FL,92878,001-371-103-0283x752
838,Perry Ltd Electronics,115 Harris Brook Suite 075,West Briannatown,ID,26670,(327)114-2140x779
839,"Garrett, Reyes and Jones Electronics",35946 Cynthia Orchard,Ronaldview,IN,50732,171-518-3720
840,Gardner-Pitts Electronics,7146 Elizabeth Spring,Mooreborough,LA,52430,(008)914-5861x2563
841,Hughes PLC Electronics,60426 Shelia Springs Suite 273,Smithmouth,VA,34475,+1-038-260-7230x793
842,Rivera Ltd Electronics,37400 Linda Center Suite 071,New Kevinbury,FL,32106,486.710.4752x2985
843,"Ramirez, May and Franklin Electronics",006 Summers Radial,Alexanderburgh,KY,31557,622-006-5640
844,"Shaw, Gonzalez and Morgan Electronics",18321 Eileen Meadows,Lake Jessica,WI,28730,5828972098
845,May-Adams Electronics,34682 Stacie Burgs Suite 151,New Christinetown,MS,52929,2918671154
846,"Smith, Hernandez and Washington Electronics",238 Parrish Rapids,Lake Jacquelinebury,IL,66192,(657)173-3481x2472
847,Hernandez-Reeves Electronics,4722 Stephanie Mews,East Natasha,AL,53985,001-817-075-1088
848,Simon-Johnson Electronics,42003 Miller Crossing Apt. 066,Lake Patricia,WY,23419,255.128.3690x58754
849,Smith-Gomez Electronics,61018 Simpson Club Suite 795,South Scottchester,AR,35538,238-295-2844
850,Schwartz and Sons Electronics,426 Donald Common Apt. 083,Port Antonio,MS,05134,001-434-818-8517x6139
851,"Kirby, Lane and Roberts Electronics",0924 Derek Walks Apt. 257,Jessicaland,ND,93326,001-469-722-2623x5892
852,"Grant, Bentley and Cain Electronics",0553 Heather Wall Apt. 725,Jonesburgh,MO,88038,(702)419-2005x55650
853,Snyder LLC Electronics,6349 Garcia Skyway Suite 314,Lisaburgh,VA,32544,209.210.7519
854,Newton-Soto Electronics,699 Ashley Ramp Apt. 317,North Robin,KS,23461,350.645.7170x3543
855,Porter LLC Electronics,1648 Michael Village,West Kaitlyn,RI,16996,(355)713-2991
856,Banks Ltd Electronics,316 Olsen Freeway Suite 631,Davisfurt,FL,48584,117-450-8935x21944
857,Jones Ltd Electronics,488 Rich Haven,Tammystad,TX,93810,+1-741-225-9508
858,Roth PLC Electronics,79669 Robinson Mountains,New Michaelborough,AK,20665,452.034.9216
859,Hall Inc Electronics,03628 Booker Course,Changfort,OR,55925,(089)697-6450x4319
860,Key and Sons Electronics,6438 Jacqueline Port,Bakerfort,WY,46287,(411)678-1600
861,Brewer Group Electronics,080 Elizabeth Lake Apt. 160,Laurenmouth,MO,48915,020.281.8087x5959
862,Freeman-Marks Electronics,032 Diana Underpass,Johnsonborough,FL,65297,5115241156
863,Bishop LLC Electronics,609 Hurst Drive Suite 678,Lake Melissa,CA,40667,(695)884-7751x4537
864,Coffey Group Electronics,065 Kyle Landing Apt. 720,Harrismouth,SD,52586,001-276-710-1888x930
865,"Cummings, Larson and Boyer Electronics",0633 Davenport Grove,Johnsonbury,AR,03916,217.132.1700x843
866,Banks Ltd Electronics,586 Matthew Parkway Apt. 786,Tommystad,VT,12075,0743830824
867,"Parker, Daniel and Lara Electronics",32464 Martin Dale Suite 703,Schaeferburgh,MN,42287,001-530-883-0797x505
868,Savage-Ramirez Electronics,25013 Hurst Route,Stevenbury,NC,63961,(587)789-6714x13995
869,Torres-Cardenas Electronics,9966 Walters Stream Apt. 330,New Sarah,LA,06717,306.161.2607
870,Diaz-Austin Electronics,975 Dean Village,Morrisonborough,CO,37394,127.604.0842
871,Johnston-Martinez Electronics,04592 Shannon Road Suite 075,Richardville,VT,25484,008.612.4288
872,"Thompson, Taylor and Singh Electronics",222 Jones Branch Apt. 473,Hayesmouth,GA,77106,001-239-359-0344x279
873,Suarez LLC Electronics,7102 Costa Tunnel,Port William,ME,67102,716-747-7917x979
874,"Watson, Luna and Franklin Electronics",08744 Lori Junctions Apt. 431,Mcdonaldview,ID,37193,+1-814-691-8732x6070
875,Turner-Martin Electronics,56741 Acosta Light Apt. 678,South Troy,CT,28606,001-058-887-6776x36024
876,"Ruiz, Osborne and Rhodes Electronics",673 Ferguson Manor Suite 633,Medinafort,WV,59362,840-149-2377
877,Tucker-Hancock Electronics,14864 Nicole Viaduct,Perezstad,NY,19324,275-782-9769x49232
878,"Hatfield, Campbell and Wood Electronics",50122 Morgan Summit Apt. 904,Charlesshire,DE,87010,001-233-698-9203x900
879,Smith PLC Electronics,68701 Patrick Key,East Sarah,MI,74256,946-540-1764x8185
880,"Austin, White and Stephenson Electronics",71450 Benjamin Terrace Suite 275,North Keith,GA,71976,440-587-4907x5216
881,Ford Inc Electronics,897 Juan Summit,Port Monicaport,TX,28216,(593)790-3080
882,"Rodriguez, Olson and Brady Electronics",464 Gabrielle Forest Apt. 800,Westchester,TN,36691,895-212-6618x766
883,Villegas-Rubio Electronics,496 Pruitt Loaf,Leeborough,HI,44168,+1-566-920-8826x55999
884,Russell-Gonzalez Electronics,439 Williams Stream Suite 208,Lake Sydneyland,ID,34009,867.388.0349
885,White-Graham Electronics,604 Bailey Ports Suite 820,Smithmouth,NJ,60801,+1-267-606-6395x8228
886,Moore PLC Electronics,018 Briana Canyon Suite 790,Julieburgh,AL,37979,9094167211
887,"Murray, Ramos and Robertson Electronics",0355 Kline Viaduct,East Brittany,NH,99459,836.755.9396x1639
888,Moreno LLC Electronics,73744 Joseph Prairie Apt. 807,Buckleyton,CO,03831,+1-853-040-0213x569
889,"Long, Jones and Hicks Electronics",00449 Ortiz Rest Suite 166,South Jeffreymouth,OH,97028,051.445.2015x49700
890,Nguyen LLC Electronics,60307 Patterson Locks Apt. 710,Jonesberg,KY,16044,207-159-7290
891,Jackson-Fuller Electronics,0582 Joyce Rest,Michaelton,GA,09614,(111)102-3405
892,Cortez and Sons Electronics,6812 Gutierrez Green,Alvaradoburgh,ID,15644,505-211-3414x481
893,"Vang, Nelson and Kramer Electronics",8372 David Crossing Suite 209,Lake Stephanie,GA,79768,936-325-1998x2737
894,White-Smith Electronics,37252 Wood Stravenue Suite 194,Cooleyland,MO,37411,1283043398
895,Garcia and Sons Electronics,15916 Alexander Fork Suite 393,Williamschester,AR,69348,001-145-098-3206x620
896,"Cooper, Schmidt and Castillo Electronics",5018 Reese Meadows Suite 598,Port Kevin,IA,81837,8840138685
897,Curry-Miller Electronics,400 Ann Fords,Lake Dillonborough,KY,66005,001-624-314-8245
898,Mullins Ltd Electronics,384 Kristin Village Apt. 755,Justinchester,NY,47686,847.816.7352x27028
899,"Williams, Arnold and Baldwin Electronics",245 John Loaf Suite 565,Amyshire,CA,78939,757-808-8135x4287
900,Mullen-Williams Electronics,5619 Jennifer Viaduct Suite 420,Hendersonport,UT,40905,615-898-5963x9163
901,Schneider-Thomas Electronics,130 Thompson Greens,New Joannaland,NE,51959,+1-737-182-9912x800
902,"Wright, Rosario and Wright Electronics",87974 Williams River,Westborough,VT,40320,(955)606-7909x228
903,"Cohen, Robinson and Elliott Electronics",4738 Foster Ridges,Jenkinshaven,DE,71269,8968938887
904,Chandler LLC Electronics,3655 Holmes Rest,Port Geraldton,TX,75408,(389)147-8028x7311
905,"Mills, Sanchez and Fernandez Electronics",0900 Olson Branch,Robinmouth,IL,21240,001-763-771-8900x29044
906,Rodriguez-Thomas Electronics,58567 Alan Branch,North Holly,MI,75761,(057)287-6756x397
907,Gonzalez Group Electronics,0176 Jennifer Stream,Feliciafurt,MN,92218,(286)528-8734
908,Holmes-Thompson Electronics,373 Carmen Haven Apt. 021,Rebeccashire,NC,90243,368-940-2241
909,Stuart-Hobbs Electronics,263 Ernest Glens,Mitchellhaven,TX,97542,045-537-0060x8365
910,Price PLC Electronics,813 Pearson Route,Ingramstad,NC,81400,913-639-1948x6513
911,Baker LLC Electronics,0486 Sullivan Mill Apt. 366,Chaseberg,KY,31795,472-718-9010x4158
912,Joseph-Gonzalez Electronics,7346 Lin Throughway Apt. 049,North Katherine,SC,59013,+1-970-765-7575x064
913,Garcia Ltd Electronics,0365 Douglas Ville Suite 909,Troyview,MD,42338,(738)432-5297
914,"Holt, Hanna and Stark Electronics",888 Christopher Plaza,Mariaview,TX,94574,107-559-5500
915,Park Inc Electronics,42033 Nancy Shoal Apt. 927,Ramosborough,TX,35779,+1-787-043-9615x871
916,Johnson-Anderson Electronics,37701 Richardson Court Suite 260,Mosschester,DE,39208,001-082-984-0673
917,"Carson, Kline and Duncan Electronics",80311 Donna Estate Apt. 693,Davidberg,DE,97238,+1-813-591-3462
918,Mcintyre-Molina Electronics,808 Sally Heights Suite 635,Kimview,WI,60145,001-957-671-9390
919,Bond Inc Electronics,781 Megan Circle,Jessicachester,GA,51161,(315)629-5505
920,"Norman, Weber and Martinez Electronics",78156 Christopher Ford,Smithtown,IA,16913,+1-380-594-0234x790
921,"Allen, Johns and Williams Electronics",55715 Lee Course,East Robert,WV,49262,165-452-3302x106
922,Cain-Fischer Electronics,158 Justin Fields,Jasontown,RI,48699,(441)070-7029
923,"Jarvis, Lynch and Mendez Electronics",5278 Sabrina Crossing,Bryanport,AZ,24476,001-570-179-2444x7543
924,"Schwartz, Matthews and Guerrero Electronics",88357 Catherine Bypass Suite 071,Debratown,PA,91512,001-576-560-7291x754
925,"Phillips, Hardy and Vaughn Electronics",6281 Cox Ports,East Sergioshire,GA,61903,+1-673-434-6869x86372
926,"Saunders, Alvarez and Vazquez Electronics",4257 Briana Fields Apt. 225,East Brandontown,DE,55162,395-240-5750x614
927,Wilson-Solis Electronics,5575 Erica Summit Apt. 687,East Kim,MT,44029,129-106-3767
928,Garcia Inc Electronics,7034 Jill Road Apt. 342,Westview,NV,73940,460.517.5450
929,Bailey Inc Electronics,9450 Eric Flats Apt. 231,Alexandrachester,MA,42339,(485)442-0969x5406
930,Vargas and Sons Electronics,0823 Tyler Rest,Wallaceberg,MA,35390,001-369-103-9866x5067
931,Jackson-Ochoa Electronics,37798 Garcia Point,Stevensmouth,NY,79458,+1-554-820-4901x640
932,"Schmidt, Washington and Novak Electronics",92064 Berry Parkway,Lake Lisaborough,NE,58997,872-458-7522x912
933,Mason-Anderson Electronics,872 Cody Harbor,South Georgestad,NJ,06172,267-859-1892
934,"White, Miller and Barrett Electronics",47149 Daniel Centers,Harveyburgh,VA,68152,(924)044-5250x885
935,"Kidd, Gonzales and Mccann Electronics",25728 Donald Junction Apt. 602,South Anthony,NM,64730,001-324-411-5371
936,Hebert Group Electronics,46587 Hunt Station Suite 550,Lake Scott,OK,36663,+1-934-582-8714x2990
937,Wade-Smith Electronics,0563 Danielle Lakes,Guerreromouth,ID,03975,462-569-2607x716
938,Evans-Henderson Electronics,4649 Conley Locks Apt. 828,Fraziermouth,SD,15402,(763)543-0530
939,"Schultz, Underwood and Jordan Electronics",8098 Lee Lane Suite 481,Brandonland,ME,46202,283.831.3744
940,"Christensen, Harrington and Collins Electronics",7557 Roger Manor,Nelsonport,IL,22979,+1-416-520-7415x2153
941,Gutierrez-Smith Electronics,940 Pratt Mall Apt. 547,East Pamelaton,MI,17785,(521)484-6910x8167
942,"Lowery, Jones and Wolf Electronics",96802 Davis Parkway Apt. 071,Blakefort,UT,11979,+1-385-846-1373
943,"Taylor, Davies and Deleon Electronics",855 Shah Roads,Lake Ashleymouth,KS,15164,192.139.6749
944,"Boone, Fisher and Martinez Electronics",77669 Martin Vista Apt. 500,South Dalestad,AR,15054,(550)678-6821
945,Gomez-Hernandez Electronics,644 Hernandez Garden Suite 711,Wilsonchester,SC,77854,669.240.8747x6383
946,"Bautista, Green and Rogers Electronics",84104 Craig Streets Suite 378,North Cheyenne,NJ,35525,685.624.2136x502
947,Tucker LLC Electronics,124 Mckinney Village Apt. 544,Morrisburgh,KS,89037,(374)477-0283
948,Mooney and Sons Electronics,111 Johnson Curve Apt. 451,New Erin,NV,41048,228-000-5431x8930
949,Fischer Group Electronics,9961 Nicole Shoals,North Pennyburgh,NH,08136,472.252.9609x55462
950,Vega Ltd Electronics,6403 Johnson River,Barberton,GA,15486,(481)241-4380x10996
951,Watson-Perkins Electronics,590 Frank Street,Lake Derricktown,MS,91802,+1-830-343-9251
952,Cooper-Lara Electronics,588 Macdonald Viaduct,East Cynthiachester,RI,85879,(915)689-7615
953,Woods-Jones Electronics,2897 Donald View Suite 637,Lake Keith,VT,18315,001-668-328-9264x647
954,Mclean-Schultz Electronics,6877 Patton Row Suite 703,Teresashire,IN,49443,+1-496-083-0585x474
955,"Ward, Stein and Blake Electronics",541 Dawson Path,Williamport,DE,26319,6522404306
956,Flynn-Thomas Electronics,01981 Jacobson Streets Suite 668,East Rickyfort,IL,89877,802.721.6980
957,"White, Brooks and Gonzales Electronics",20821 Brandon Junctions Apt. 007,Lake Alexandra,ND,12337,852.802.9243x3691
958,Hawkins-Fuller Electronics,0010 Blankenship Avenue,East Richard,DE,39495,860.095.1841x9281
959,Becker and Sons Electronics,93095 Matthew Rapid Suite 713,Wardbury,NJ,47974,318.001.1804x668
960,Gross Ltd Electronics,9636 Daniel Rapid,Malonehaven,OH,48201,167-792-9846x2102
961,"Perez, Watts and Roberts Electronics",477 Salinas Knolls Apt. 689,Smithview,MS,00709,+1-669-713-6391x1972
962,"May, Gomez and Hunt Electronics",749 Willie Walks,Port Kevin,MT,74169,+1-707-360-7275
963,Morrow PLC Electronics,2113 Johnson Meadows Apt. 526,Smithside,NE,44907,(526)943-2763x7344
964,"Hill, Smith and Smith Electronics",7184 Chavez Pike,West Seanshire,OK,33049,001-504-727-0591x14454
965,Watson LLC Electronics,91675 William Wall,Juliaberg,NE,47032,(839)040-9591
966,Johnson-Grimes Electronics,31184 Mark Ways Apt. 441,North Rachel,TN,55405,062.846.0770x94180
967,Lamb LLC Electronics,6588 Stacey Landing Suite 547,Owensfurt,CO,50974,(159)766-8348x8902
968,"Mendez, Bowers and King Electronics",682 Mercer Mission,Sarahville,WY,81398,418-468-2919x668
969,"Lopez, Grant and Warren Electronics",482 Kara Shoal Suite 108,Emilyhaven,MS,72951,(577)898-2702x699
970,"Russell, Dawson and Hurst Electronics",11240 Heath Drive Suite 243,Albertbury,IN,10692,759-873-3393x30532
971,"Adams, Glenn and Carroll Electronics",892 Susan Spurs,South Kelseyland,RI,95269,001-907-476-1592x25404
972,Hall and Sons Electronics,27900 Bryan Forges,Kingmouth,AL,29338,001-694-595-1147x0389
973,Hartman Ltd Electronics,25452 Griffin Alley Apt. 427,Hayesside,MA,89065,001-874-398-2419x8531
974,Diaz LLC Electronics,7435 Spears Loaf,Chadside,KY,98486,001-116-990-5382x22332
975,Navarro and Sons Electronics,60542 Sharon Mountain Suite 278,West Vanessaberg,MN,72617,3881162404
976,Carpenter-Dickson Electronics,633 Rojas Valleys,Grahamton,MO,49169,333.762.3163x4711
977,Valdez and Sons Electronics,1547 Johnson Via,Lake Christina,OK,67295,3873534377
978,Lara-Garcia Electronics,85998 Kelley Mission,Richardhaven,IL,95819,977-468-1797x6274
979,"Miller, Mendoza and Dorsey Electronics",0063 Jasmine Cape,Lake Kristenchester,KS,76214,001-033-249-2502x7781
980,"Valdez, Garza and Reynolds Electronics",16485 Brock Green Apt. 277,North George,AR,49018,(665)649-6022x5823
981,Fowler Inc Electronics,58356 Charles Tunnel Apt. 621,Robertahaven,MD,04284,(982)046-9669x555
982,"Walker, Lewis and Jackson Electronics",203 Lisa Estate Apt. 144,West Barry,IN,68433,2850971664
983,Howard-Phillips Electronics,77894 Jonathan Heights,Lake Tammy,AK,18037,486-425-4540
984,Shepherd Ltd Electronics,71480 Sydney Gateway,Mathewsberg,WI,12754,001-444-785-3665
985,"Dyer, Anderson and Bender Electronics",70959 John Well Apt. 074,Taylorville,AL,50849,653.516.9795x7086
986,"Miller, Patel and King Electronics",58903 Edwards Path,South Cesarland,CO,23432,(986)651-4236x97094
987,Mays Inc Electronics,392 Jordan Union,Mejiaborough,CA,90655,778-166-4840
988,"Odom, Mitchell and Cooper Electronics",7254 Lewis Route,South Juan,AR,04332,+1-734-602-3740
989,Carpenter-Phillips Electronics,56682 Samantha Burgs Suite 429,Karenchester,MD,47581,252-648-2867x188
990,"Goodwin, Curtis and Atkins Electronics",65054 Sean Port Apt. 188,North Josephfurt,SC,65600,477.092.5836x6797
991,"Barnes, Vega and Collins Electronics",924 James Station,Josephview,NJ,13883,001-009-149-5332
992,"Jackson, Ho and Phillips Electronics",6522 Richardson Expressway Apt. 937,Espinozachester,WI,68989,(955)353-5017x5216
993,Allen Inc Electronics,0344 Heather Locks,Ellisonmouth,AK,37399,(345)569-7625x0969
994,Murray Inc Electronics,3529 Michael Gardens,West Glenn,NY,80278,(645)249-5279x133
995,"Washington, Bailey and Anderson Electronics",8807 French Pass Suite 196,Alanport,NH,27180,426.765.3005x747
996,Smith-Owens Electronics,3909 Alyssa Parkway,Port Kyle,OH,33853,948.123.1847x23712
997,Knapp PLC Electronics,4799 Williams Run Apt. 444,South Jamesfurt,HI,53733,825.525.4757x45448
998,"Hudson, Mccann and Jacobson Electronics",941 Victor Mills,Greentown,OR,50187,+1-049-331-3673x4449
999,Marshall-Ballard Electronics,2705 Diaz Parkway,New Jon,KS,89094,626-364-3147x4875
1000,Dixon PLC Electronics,7388 Thomas Brooks,Victoriastad,LA,85795,(791)742-1764
